"iso_code","country","1990","1991","1992","1993","1994","1995","1996","1997","1998","1999","2000","2001","2002","2003","2004","2005","2006","2007","2008","2009","2010","2011","2012","2013","2014","2015","2016","2017","2018"
"AFG","Afghanistan","33.42326","33.26462","33.0766","32.88036","32.736187","32.701183","32.586067","32.527767","32.517876","32.51454","32.478695","32.51901","32.58254","32.665066","32.77701","32.93181","32.841427","32.785828","32.777363","32.830708","32.9505","33.237144","33.59873","34.011234","34.44527","34.88337","35.29657","35.675705","35.797794"
"AGO","Angola","47.635963","47.67562","47.73368","47.75823","47.872746","48.008522","48.090157","48.178955","48.275524","48.371006","48.467045","48.521847","48.55897","48.633198","48.72539","48.836796","48.921238","49.02289","49.107372","49.16148","49.219444","49.245037","49.29015","49.351734","49.41482","49.477753","49.537235","49.59951","49.638523"
"ALB","Albania","40.97598","42.323864","43.099422","43.464214","43.816216","43.905064","43.40729","43.147476","42.369328","41.602627","41.13233","40.974724","41.016968","41.265404","41.546608","41.806164","42.049892","42.249275","42.406654","41.545124","42.38112","42.408596","42.46877","41.461796","40.935684","41.868916","41.751728","41.682144","41.659843"
"AND","Andorra","0","0","0","0","0","0","0","0","0","0","0","0","0","0","0","0","0","0","0","0","0","0","0","0","0","0","0","0","0"
"ARE","United Arab Emirates","10.824744","11.01587","11.178881","11.381644","11.507765","11.623707","11.749643","11.850661","11.921403","11.963203","11.976436","12.174363","12.371586","12.472591","12.367167","12.053291","11.72496","11.364676","11.13749","11.1416445","11.39679","12.009298","12.815508","13.746102","14.677475","15.50041","16.140146","16.744307","16.879604"
"ARG","Argentina","38.110622","38.952827","39.81105","40.434834","40.997295","41.12116","41.602123","42.120518","42.406326","42.325554","42.289734","42.105583","41.543682","41.74818","41.96231","41.618397","41.84231","41.54656","41.257736","41.58252","41.14027","41.19594","41.34925","41.185295","40.989674","41.352707","41.726074","42.095497","42.04692"
"ARM","Armenia","43.445652","43.684433","44.003563","44.385807","44.804867","45.22686","45.56922","45.882557","46.156635","46.383595","46.56126","46.55767","46.505707","46.42946","46.35705","46.31113","46.26649","46.262062","46.271873","46.33111","45.644547","47.129196","47.16754","47.397957","46.927547","46.71961","45.98282","45.975704","45.991444"
"ATG","Antigua and Barbuda","0","0","0","0","0","0","0","0","0","0","0","0","0","0","0","0","0","0","0","0","0","0","0","0","0","0","0","0","0"
"AUS","Australia","41.388702","41.59345","41.777813","41.88933","42.311394","42.708084","42.865723","42.949734","43.05831","43.197475","43.63772","43.94557","44.062424","44.44627","44.34155","44.672955","44.83038","44.927784","45.045395","45.19198","45.08402","45.278873","45.427097","45.55093","45.725185","45.889675","46.152832","46.329323","46.372303"
"AUT","Austria","41.03417","41.1293","41.650414","41.924618","42.98806","43.294476","43.192646","43.3369","43.519714","43.506725","43.51297","43.75438","44.292088","44.368565","45.113987","45.256714","45.436897","45.489944","45.731125","46.04779","46.139324","46.33455","46.506527","46.577522","46.706875","46.674465","46.71134","46.630905","46.626156"
"AZE","Azerbaijan","44.655613","44.66993","44.89009","45.296627","45.783127","46.166103","46.28841","46.337597","46.32102","46.341396","46.65523","46.85995","47.04058","47.211643","47.388493","47.579727","47.785767","48.007477","48.24028","48.47866","48.715363","48.977055","48.96005","48.89242","48.94743","49.020638","48.780823","48.72085","48.709877"
"BDI","Burundi","52.08428","52.191772","52.337204","52.498207","52.647045","52.761486","52.656746","52.52417","52.372524","52.258938","52.159904","52.137154","52.112167","52.08675","52.057556","52.024353","51.97733","51.932392","51.893776","51.865692","51.850197","51.89628","51.951782","52.01159","52.069786","52.024178","51.980156","51.92849","51.911884"
"BEL","Belgium","39.08921","39.857693","40.462578","41.104935","41.213234","41.4077","41.51938","41.8856","42.223217","42.86684","42.98506","42.34","42.77287","42.977673","43.639477","43.94053","44.196262","44.46589","44.73869","44.92559","45.140293","45.241283","45.27038","45.646816","45.981808","46.04908","45.926235","45.84257","45.842453"
"BEN","Benin","41.744083","41.64916","41.566998","42.049973","42.544556","43.0535","43.593857","44.149483","44.716057","45.290817","45.871414","46.44689","47.02979","47.39639","47.75372","48.102913","48.47118","48.83436","49.185165","49.519585","49.833107","49.08667","49.090366","49.11581","49.147907","49.171814","49.195408","49.241577","49.25567"
"BFA","Burkina Faso","48.48649","48.44542","48.200706","47.948795","47.681694","47.40979","47.125782","46.823917","46.510735","46.181007","45.824223","45.441795","45.038868","44.625244","44.189686","43.745594","43.273724","43.34188","43.43387","43.555504","43.70965","43.895744","44.123325","44.39633","44.715332","44.718426","44.728836","44.75085","44.657803"
"BGD","Bangladesh","19.994362","20.11925","20.289728","20.501766","20.745913","21.017097","21.271006","21.555792","21.857618","22.162125","22.459364","22.692478","22.928205","23.164639","23.405382","23.658623","23.867538","24.381844","24.908096","25.435179","25.957806","26.444798","26.923223","27.397379","27.87327","28.355232","28.841213","30.246044","30.385054"
"BGR","Bulgaria","48.109165","48.2274","48.34797","48.203934","48.015484","47.77134","47.50596","47.185062","46.80999","46.38398","45.90478","46.896435","46.935486","46.287846","46.41686","45.981384","46.388046","46.285763","45.839756","45.789093","46.199234","46.504047","46.638412","46.650436","46.521057","46.521442","46.330395","46.418095","46.437893"
"BHR","Bahrain","17.614044","17.586409","17.918556","18.284876","18.68713","19.11464","19.63562","20.150217","20.621384","21.00465","21.26745","21.418839","21.432554","21.361994","21.237734","21.094723","20.909697","20.755367","20.701998","20.801714","21.067402","21.023703","21.277142","21.561707","21.74035","21.732624","21.417341","20.946396","20.38279"
"BHS","Bahamas, The","45.920265","45.977634","46.06018","46.18138","46.344173","46.555115","46.769875","46.964287","47.306824","47.71909","47.94258","48.06506","48.127384","47.990986","47.944862","48.00557","48.035908","48.02852","47.882034","47.6643","47.694542","47.628292","47.67462","47.573414","47.432835","47.201183","47.11622","47.14554","47.152153"
"BIH","Bosnia and Herzegovina","40.48832","40.513725","40.519047","40.511337","40.508263","40.493767","40.486954","40.47814","40.442406","40.367317","40.298096","40.238865","40.16884","40.095596","40.0178","39.775654","39.7056","39.66024","39.63695","39.54288","39.494717","39.45643","39.39766","39.378437","39.343582","39.193333","38.766975","39.132156","39.126064"
"BLR","Belarus","48.358856","48.367943","48.310474","48.27171","48.251884","48.28291","48.35758","48.462696","48.57325","48.65197","48.783386","48.938694","49.065678","49.16813","49.25799","49.333168","49.432907","49.515747","49.579685","49.620594","49.641506","49.671566","49.680374","49.673496","49.66335","49.652515","49.683636","49.672783","49.665077"
"BLZ","Belize","29.26778","29.728325","30.306116","30.512657","30.300425","30.34093","30.484291","31.087557","31.673393","32.248726","32.820896","33.420525","34.015316","34.603657","35.196884","35.788467","36.376915","36.983932","37.59454","38.203197","38.798508","39.37595","39.920876","39.78065","39.68594","39.645332","39.881424","39.950184","40.139164"
"BOL","Bolivia","40.320908","40.550602","40.711308","40.939945","41.172962","41.39577","41.577053","41.763832","41.9038","42.030056","42.1667","42.369255","42.56465","42.75769","42.949818","43.137455","43.327484","42.852184","43.231617","43.32829","43.140957","42.987377","42.116783","42.52262","42.81147","40.75443","42.838142","41.81027","41.82681"
"BRA","Brazil","34.292507","34.979267","35.662453","36.340782","37.012566","37.678806","37.709312","38.04055","38.64012","39.312675","39.988","40.665432","41.31069","41.56718","41.959194","42.446968","42.494896","42.5177","42.460136","42.701828","42.35498","41.999187","42.272465","42.28422","42.38734","42.715874","42.860985","43.375477","43.384777"
"BRB","Barbados","46.80848","47.245106","47.227776","47.441845","47.659016","47.78769","48.851967","48.19591","48.253216","48.311726","48.36902","48.405216","48.442738","48.483715","48.584675","48.670593","48.76306","48.853","48.941586","49.0259","49.26552","49.16201","48.962677","49.34622","49.775894","49.386086","49.40796","49.349922","49.313835"
"BRN","Brunei Darussalam","32.826794","33.04128","33.669514","34.342888","35.091537","35.935493","36.86965","37.890488","38.939842","39.924545","40.76105","41.190834","41.205833","41.15826","41.097103","41.048992","41.159115","41.237125","41.301193","41.36","41.424362","41.531197","41.65266","41.79929","41.972637","42.173035","42.42641","42.70895","42.811848"
"BTN","Bhutan","39.64862","39.616367","39.640095","39.700558","39.7591","39.790752","40.213898","40.66128","41.107","41.541584","41.953304","42.37004","42.65746","42.81477","42.883175","42.91877","43.119995","43.32416","43.506756","43.64881","43.135357","42.732185","45.15914","41.01064","39.706726","40.316242","40.279423","40.20886","40.180107"
"BWA","Botswana","40.321583","40.6728","40.987072","41.302483","41.666985","42.10387","42.396667","42.76838","43.130783","43.67248","44.36166","44.604813","44.843864","45.071846","45.278137","45.46047","45.618465","45.816895","46.02131","46.267","46.148613","46.39989","46.992744","47.746693","48.12019","48.36533","48.45495","48.49141","48.431496"
"CAF","Central African Republic","46.29181","46.281532","46.274876","46.320644","46.40264","46.50775","46.479427","46.50868","46.551945","46.604362","46.641624","46.57554","46.527657","46.462315","46.458694","46.451572","46.368305","46.30804","46.262516","46.240265","46.249207","46.10746","45.985252","45.695866","45.618126","45.583035","45.6867","45.826572","45.787388"
"CAN","Canada","44.08267","44.420834","44.596447","44.713646","44.733116","44.93276","45.026466","45.13601","45.404655","45.511776","45.70186","45.84909","46.07686","46.33316","46.44425","46.41586","46.67058","46.8506","46.798805","47.02512","47.129814","47.082504","47.21483","47.3002","47.17592","47.03999","47.164597","47.264313","47.27957"
"CHE","Switzerland","43.140648","42.93082","43.290752","43.194786","43.063515","43.015747","43.59607","43.750874","44.25574","44.405212","44.305954","44.892876","45.258785","45.324093","45.412827","45.71396","45.72632","45.613365","46.203007","46.26032","45.788902","45.88085","46.030514","46.19344","46.432076","46.49493","46.58192","46.47033","46.523758"
"CHL","Chile","32.187725","32.338066","32.6332","32.773632","32.876465","33.182186","33.518444","34.222607","34.38564","34.541374","34.80574","34.45355","34.534847","35.50754","36.485874","37.003212","37.265705","37.833794","38.892155","39.343853","39.70929","40.486526","40.70067","40.973106","41.2918","41.21677","41.47739","41.76013","41.790142"
"CHN","China","45.15223","45.147343","45.13579","45.120335","45.10505","45.091835","45.09141","45.089336","45.08704","45.091824","45.10519","45.023495","44.943027","44.857185","44.760975","44.65541","44.551125","44.444595","44.337833","44.229813","44.116882","44.09895","44.092747","44.072983","44.050583","44.01481","43.96959","43.918373","43.817463"
"CIV","Cote d'Ivoire","32.927933","33.064377","33.238155","33.440033","33.66277","33.92683","34.084282","34.230175","34.399197","34.688194","34.990047","35.313026","35.653725","36.009533","36.37638","36.74967","37.125202","37.503883","37.888756","38.28104","38.68054","39.088276","39.501633","39.92009","40.34327","40.771137","41.210247","41.42751","41.571354"
"CMR","Cameroon","47.9678","47.90528","47.863358","47.826206","47.844765","47.8914","47.92381","47.984467","48.061","48.143982","48.22322","48.256886","48.289062","48.322235","48.359806","48.38318","48.36597","48.363377","47.913754","47.423023","46.891373","46.88397","46.886635","46.902576","46.929703","46.969757","46.99874","47.03808","46.989193"
"COD","Congo, Dem. Rep.","51.43877","51.23636","51.034607","50.826946","50.716145","50.67603","50.557343","50.44323","50.38565","50.324886","50.248085","50.145386","50.08801","50.052628","50.031296","50.012413","49.804813","49.586544","49.35834","49.121506","48.876934","48.623985","48.364815","48.352497","48.367588","48.3907","48.367554","48.396885","48.336613"
"COG","Congo, Rep.","49.57068","49.662148","49.770477","49.85441","49.890957","49.98985","50.023846","50.005135","50.008797","49.95176","49.969402","49.87663","49.80259","49.703274","49.61444","49.541454","49.47184","49.335567","49.25318","49.19936","49.181534","49.017662","48.89647","48.807686","48.77133","48.73192","48.70727","48.76684","48.74841"
"COL","Colombia","40.090305","40.074116","40.121033","40.11025","40.22704","40.37923","40.48476","40.68019","40.822906","40.812553","41.018967","41.129517","41.35961","41.755035","41.31138","40.986633","40.776413","40.571224","40.675114","41.72196","42.226295","42.421417","42.916737","43.05095","43.014904","43.228996","43.17482","43.14002","43.14449"
"COM","Comoros","36.349884","36.1898","36.293316","36.379044","36.40682","36.624825","36.787636","37.067062","37.34791","37.68353","38.175285","38.502674","38.86474","39.241154","39.607414","39.958878","40.23235","40.465054","40.675976","40.89693","41.10954","41.264423","41.42631","41.596863","41.756016","41.914677","42.05486","42.23955","42.335884"
"CPV","Cabo Verde","37.88057","38.276123","38.680935","39.103497","39.558342","40.045143","40.608276","41.191265","41.77451","42.327835","42.8348","43.220848","43.569195","43.87149","44.120705","44.309883","44.309185","44.269722","44.229553","44.23422","44.31208","44.67936","45.094944","45.545288","46.00339","46.451862","46.71503","46.954094","47.087246"
"CRI","Costa Rica","28.145416","29.03581","28.926502","29.368593","30.071028","30.465525","30.158045","31.675098","32.91762","33.197357","32.600616","34.511974","34.571438","34.75063","34.1522","35.923405","36.039223","36.471542","36.9439","37.55528","38.06456","37.85735","39.628292","39.570427","39.2944","39.299374","38.00819","38.06687","38.25813"
"CUB","Cuba","35.694862","35.58397","35.397385","35.15395","35.055466","35.056736","34.999382","34.903637","35.021454","34.936817","35.079258","35.205326","35.43921","35.63108","35.81367","36.65859","37.560192","38.207333","38.36618","38.55768","38.538254","38.50966","38.22711","38.228615","38.207935","38.111748","37.979145","37.877953","37.81676"
"CYP","Cyprus","38.35573","38.586624","39.19852","38.697952","39.67255","39.149376","39.388466","40.509933","40.459835","40.438473","40.731438","41.794262","42.18033","42.379185","42.09187","41.843822","42.518185","43.32666","43.912125","44.677433","45.344616","45.33285","45.060688","45.175934","45.959248","46.425793","46.18503","46.19618","46.295177"
"CZE","Czech Republic","44.485474","44.405087","44.421314","44.419964","44.463257","44.295303","44.03995","44.231937","44.334072","44.536198","44.55049","44.47315","44.29093","44.563946","44.36114","44.159706","44.095303","43.707287","43.420227","43.393196","43.27811","43.51842","43.74189","44.028454","43.952316","44.209152","44.36292","44.521942","44.575573"
"DEU","Germany","40.614155","42.025963","42.283745","42.30683","42.628365","42.79752","42.92454","43.149994","43.31068","43.600727","43.74451","44.045143","44.325554","44.561142","44.606064","44.69345","45.048862","45.20933","45.26099","45.462578","45.587185","45.86367","45.90386","46.13486","46.231464","46.344654","46.4413","46.481495","46.493824"
"DJI","Djibouti","35.754772","35.69286","35.868515","36.150715","36.447033","36.6133","36.870354","37.01193","37.105556","37.30959","37.666107","37.969124","38.427353","38.9329","39.32807","39.52925","39.568687","39.446274","39.268024","39.157063","39.17845","39.348427","39.636375","39.99279","40.370033","40.725433","40.91308","41.145363","41.175102"
"DMA","Dominica","0","0","0","0","0","0","0","0","0","0","0","0","0","0","0","0","0","0","0","0","0","0","0","0","0","0","0","0","0"
"DNK","Denmark","46.305458","46.654602","46.864853","46.85007","45.77553","45.207306","45.36864","45.474304","46.25004","46.188847","46.512417","46.571453","46.441254","46.31338","46.53583","46.720516","46.922527","46.944458","46.94665","47.09859","47.13101","47.275764","47.410854","47.598442","47.283936","47.068947","47.38111","47.378895","47.403282"
"DOM","Dominican Republic","30.33188","30.251724","30.914696","31.329586","31.370476","31.689867","32.157753","32.72421","33.224686","33.690125","34.045048","34.08226","34.39749","34.215183","34.175644","34.77582","35.193584","34.81048","36.158783","34.865597","36.21743","37.560886","37.28404","37.528343","37.731594","39.26007","39.653854","39.934166","40.03159"
"DZA","Algeria","12.812286","12.809041","12.8450165","12.869806","12.917223","13.014231","13.097499","13.139646","13.223385","13.348473","13.517816","13.733805","13.991112","14.286635","14.617907","14.9813595","15.37468","15.802932","16.267746","16.767221","16.880617","17.831469","18.826849","19.217802","18.37114","18.213594","18.040195","17.876217","17.945755"
"ECU","Ecuador","37.10396","37.227196","37.283184","37.335773","37.461525","37.524403","37.60725","37.84548","38.727837","38.51216","38.29827","38.085552","37.875183","37.66809","39.17348","38.81309","38.96113","39.01646","39.103218","39.04516","38.59753","38.4017","38.996593","38.70682","38.096943","39.50249","41.030323","41.239864","41.28413"
"EGY","Egypt, Arab Rep.","23.12544","23.080536","23.154222","23.23913","23.604095","22.742369","22.171652","21.629318","21.106419","21.516022","21.686981","22.103722","20.954891","21.171509","21.430084","21.740578","22.120487","23.638538","22.388968","23.28675","22.980875","22.471443","22.739023","23.370583","23.65829","23.299164","23.722475","23.659626","23.730747"
"ERI","Eritrea","45.231426","45.052036","44.90897","44.85247","44.8425","44.79144","45.03633","45.267815","45.469105","45.65638","45.82099","46.081734","46.29769","46.47142","46.63886","46.790367","46.771446","46.756077","46.687073","46.650654","46.594852","46.5607","0","0","0","0","0","0","0"
"ESP","Spain","34.819843","35.04836","35.78721","36.292206","37.2496","37.821346","38.087887","38.48892","38.56781","38.82659","39.434975","38.808292","39.960102","40.43309","41.0019","41.38773","41.97672","42.391914","42.983974","43.788654","44.279545","44.85673","45.3824","45.71303","45.88973","46.028652","46.22036","46.157345","46.222176"
"EST","Estonia","47.17704","47.25789","47.38881","47.525105","47.65637","47.777252","48.042667","48.332024","47.795486","47.937317","48.554173","48.68472","48.74854","48.35236","49.13544","49.64397","49.141434","48.527096","48.621895","48.842495","49.357864","49.27571","49.0184","48.964455","48.36682","48.71512","48.433643","48.360374","48.269054"
"ETH","Ethiopia","43.147774","43.077496","43.03925","43.087196","43.126144","43.47034","43.766987","44.054478","44.330887","44.594543","44.844856","45.094883","45.327526","45.547516","45.75971","45.964863","45.98526","46.005863","46.02078","46.02705","46.023697","46.009724","45.99028","45.971912","46.11371","46.264805","46.3977","46.556236","46.58949"
"FIN","Finland","47.12733","47.11744","47.025803","46.932827","46.906487","47.464115","47.86064","47.295677","47.363205","47.74427","47.576424","47.684364","47.855827","47.759426","47.919323","48.11212","48.13725","48.209656","47.986732","48.45313","48.05313","47.854958","48.067226","48.146317","48.26429","48.283813","48.05663","47.992004","48.00009"
"FJI","Fiji","32.980408","32.967934","32.926464","32.907204","32.883667","32.87051","32.866814","32.583828","32.30477","32.020535","31.728584","31.414324","31.102636","30.79951","30.506384","30.226242","31.099852","31.959513","32.814404","33.665096","34.51672","35.370945","35.0575","34.770798","34.505157","33.625534","32.761044","32.785492","32.96728"
"FRA","France","43.193195","43.667522","43.94074","44.386505","44.65642","44.991352","45.086876","45.029373","45.306976","45.48039","45.60988","45.63022","45.674374","46.308056","46.283005","46.603516","46.742195","46.968273","47.05853","47.177097","47.2121","47.29872","47.303257","47.478977","47.59495","47.601982","47.691895","47.62168","47.706814"
"FSM","Micronesia, Fed. Sts.","0","0","0","0","0","0","0","0","0","0","0","0","0","0","0","0","0","0","0","0","0","0","0","0","0","0","0","0","0"
"GAB","Gabon","39.17997","39.022903","38.793545","38.714645","38.67889","38.705025","38.7007","38.754425","38.812214","38.73902","38.805347","38.974297","39.152225","39.37116","39.543182","39.69092","39.789616","39.932808","39.907326","39.895123","39.953342","40.081314","40.20298","40.33838","40.471012","40.622288","40.53003","40.493904","40.654686"
"GBR","United Kingdom","43.183746","43.311947","43.635296","44.05829","44.18899","44.282326","44.574043","44.797894","44.911198","45.093884","45.206264","45.34216","45.58035","45.39742","45.64172","45.6726","45.72095","45.64042","45.674305","45.943333","46.01535","46.101257","46.104244","46.25838","46.396812","46.440853","46.510323","46.73226","46.74528"
"GEO","Georgia","47.080437","47.326797","47.637672","47.996468","48.38909","48.19957","47.77392","47.420692","47.319828","47.23347","46.25595","46.97902","46.5271","46.837193","46.88402","46.615086","46.320072","46.045795","45.789207","45.546757","46.23402","45.754906","45.696655","45.627224","45.649612","46.10751","45.63323","45.67697","45.706116"
"GHA","Ghana","47.803482","47.869858","47.945946","48.038483","48.131805","48.23636","48.309185","48.38461","48.46878","48.56082","48.659477","48.579338","48.501762","48.42862","48.361065","48.298836","48.23768","48.088707","47.94197","47.792995","47.640007","47.472275","47.288643","47.091854","46.883408","46.664047","46.704933","46.787357","46.72751"
"GIN","Guinea","51.647907","51.50857","51.44435","51.446762","51.504684","51.659218","51.691917","51.787445","51.923862","52.09704","52.272663","52.35404","52.470463","52.562206","52.67745","52.805214","52.84554","52.953403","53.045315","53.07661","53.166115","53.19837","53.24726","53.279057","53.29939","53.30367","53.25322","53.208496","53.056404"
"GMB","Gambia, The","39.69436","39.474567","39.333088","39.291027","39.47681","39.688614","39.960903","40.259094","40.567997","40.86763","41.148228","41.40203","41.642708","41.87072","42.091812","42.31022","42.505215","42.699047","42.891724","43.08162","43.26819","43.44261","43.612446","43.7367","43.866943","44.05652","44.162075","44.344505","44.408207"
"GNB","Guinea-Bissau","46.86295","46.839783","46.812977","46.81588","46.86867","46.97831","46.98092","47.03075","46.96488","47.060272","47.185764","47.299946","47.42819","47.582672","47.75367","47.92457","48.023346","48.11","48.180706","48.238556","48.292835","48.298576","48.275555","48.278355","48.26972","48.280064","48.25298","48.235386","48.217224"
"GNQ","Equatorial Guinea","42.276302","42.048553","41.716076","41.35002","41.049133","40.84877","40.768658","40.729828","40.664906","40.536182","40.3485","40.183846","40.01437","39.785393","39.48272","39.126724","38.927784","38.693424","38.4018","38.089046","37.795063","37.628498","37.498764","37.36043","37.21066","37.07656","37.00534","36.9742","36.90388"
"GRC","Greece","35.754913","34.739975","35.527287","35.67391","35.91082","36.281555","37.056683","37.25478","38.11226","38.7772","38.754726","38.567608","39.04107","39.42282","40.159027","40.418255","40.683","40.81722","40.939762","41.650677","42.13701","42.454865","42.929237","43.00677","43.427486","43.95012","44.109676","43.927563","44.002026"
"GRD","Grenada","0","0","0","0","0","0","0","0","0","0","0","0","0","0","0","0","0","0","0","0","0","0","0","0","0","0","0","0","0"
"GTM","Guatemala","31.714287","31.927343","32.231888","32.47481","32.753983","33.14046","33.29224","33.60222","33.983444","34.2597","34.489094","34.57755","34.761726","34.823154","34.9556","34.88325","34.801186","34.712433","34.60191","34.47687","34.361275","34.245064","36.29967","34.486095","34.317436","33.000946","34.066715","34.162106","34.10535"
"GUY","Guyana","31.753325","32.365086","33.044018","33.69414","33.529675","33.31905","32.964134","32.568253","32.15128","31.743181","31.356108","31.070175","30.77949","30.528856","30.733912","30.669641","31.282999","32.135635","32.632805","33.176933","33.63209","34.266697","34.773567","35.164898","35.43333","35.62811","35.791016","35.856827","35.93054"
"HND","Honduras","34.16032","34.258347","34.557133","34.913662","34.65673","34.860264","35.015064","35.302036","35.431175","35.16179","34.69424","34.25748","34.251503","34.261543","34.287945","34.328243","32.861782","32.758698","33.916725","34.493484","35.147427","33.95538","33.495724","34.858704","36.185665","36.38334","36.29339","36.575165","36.62175"
"HRV","Croatia","42.69849","42.609264","42.76543","42.932278","43.101376","43.269783","43.4811","43.704926","43.93459","44.154842","44.353725","44.53325","44.852276","44.744835","45.041603","45.452824","45.88428","44.76307","45.14928","46.084904","45.96491","45.102108","45.459892","46.01403","46.55962","46.628918","46.426758","46.30458","46.367664"
"HTI","Haiti","44.198982","44.462143","44.741173","45.031494","45.329533","45.630657","45.89254","46.158024","46.42732","46.70312","46.98364","47.06412","47.144463","47.224655","47.305573","47.38732","47.446404","47.565495","47.517696","47.629734","47.178596","47.438488","47.544865","47.744427","47.85331","47.85996","47.86101","47.850124","47.890354"
"HUN","Hungary","45.50441","45.435726","45.449646","45.25798","44.856506","43.514584","43.698345","43.427002","44.323864","44.53751","44.6048","44.577896","44.864635","45.178032","45.283604","45.569244","45.501747","45.351017","45.453377","45.58522","46.146103","46.02812","46.202557","45.864723","45.853455","45.792126","45.679356","45.54184","45.626186"
"IDN","Indonesia","35.29945","36.35471","37.40852","37.48254","37.556213","37.62057","37.663445","37.695312","37.8085","37.964375","38.182278","37.295444","36.35034","36.52029","35.936886","35.720547","35.640484","37.464493","37.83045","37.9173","38.18216","38.027557","38.124985","37.92367","37.93841","38.087753","38.367275","38.816006","38.88607"
"IND","India","25.011206","25.068096","25.150517","25.261381","25.407017","25.431374","25.458193","25.483915","25.509377","25.53465","25.560564","25.767042","25.975422","26.18371","26.390488","26.596077","25.88004","25.16716","24.458761","23.757275","23.064457","22.155075","21.266565","21.416891","21.569843","21.720001","21.891409","22.052547","21.92255"
"IRL","Ireland","34.6988","35.09832","35.904125","37.01248","37.509514","37.8899","38.673313","39.15761","39.790085","40.416348","40.67825","40.805744","41.48666","41.654137","41.58692","42.25592","42.415096","43.205452","43.543106","44.261276","44.713608","44.97757","45.079407","45.29847","45.170372","45.046227","45.38125","45.547363","45.58061"
"IRN","Iran, Islamic Rep.","10.512193","10.604818","10.848773","11.12088","11.428994","11.777966","12.168894","12.966033","13.793321","14.641411","15.5069475","16.35314","17.227207","18.139019","19.100039","20.120977","19.639652","19.22069","17.742353","18.57143","18.39867","17.852936","17.314264","16.794998","16.30929","17.562298","19.114717","19.04","18.925528"
"IRQ","Iraq","9.649975","9.730082","9.844349","9.916399","9.994233","10.077163","10.1565075","10.251046","10.641407","11.04559","11.460123","11.881685","12.310766","12.746654","13.193729","13.65482","14.144565","14.655566","14.531401","14.413931","14.302254","14.199101","14.115205","14.191995","14.243696","14.30748","14.368567","14.393592","14.485335"
"ISL","Iceland","45.6481","45.494392","45.812756","46.4915","46.757313","46.665764","46.280357","46.16636","46.376373","46.999146","47.284576","46.71895","46.93373","46.936783","46.921253","46.88877","46.705772","46.595028","46.5118","46.911495","46.959057","47.08559","47.526688","47.533424","47.29444","47.501896","47.104218","47.225903","47.249916"
"ISR","Israel","39.760708","40.14859","41.065697","41.16308","42.00414","42.59827","42.997444","43.267776","43.59704","44.358414","44.800705","45.006634","45.204075","45.734085","45.744488","45.88457","45.865055","45.832783","45.820168","46.520687","46.441063","46.340862","46.74164","46.70236","47.062458","47.000698","47.18562","47.090435","47.07651"
"ITA","Italy","36.31046","36.64521","36.284904","36.144646","36.510025","36.857952","37.22822","37.45944","37.799496","38.367992","38.60931","39.075138","39.268894","39.402367","40.0714","40.11462","40.306953","40.344437","40.830845","40.89248","41.04787","41.31261","41.874897","42.050564","42.244522","41.902206","42.122837","42.339012","42.38073"
"JAM","Jamaica","44.53156","44.88156","45.181934","45.458168","45.7154","45.295532","44.760414","44.13546","43.420536","43.347733","43.306297","43.438747","43.596386","43.76109","43.867073","44.111256","44.184196","44.239006","44.2892","44.35366","44.445732","44.565987","44.711826","45.10469","45.081642","45.15142","45.591003","45.634903","45.714558"
"JOR","Jordan","12.124074","12.319783","12.780019","13.005528","13.270675","13.603972","13.716594","13.885992","14.07112","14.26687","14.470389","14.058267","14.910131","13.980753","14.172062","14.384525","14.908745","17.475449","17.176224","17.756008","17.868307","18.123205","18.077038","17.380896","17.449255","17.537937","17.597692","17.67443","17.778284"
"JPN","Japan","40.43729","40.5882","40.49395","40.293163","40.313263","40.259758","40.263332","40.447865","40.4832","40.357937","40.3536","40.556202","40.523216","40.695442","40.852814","40.998646","41.12442","41.11855","41.25938","41.591816","41.73503","41.765232","41.935963","42.347744","42.589153","42.80445","43.109364","43.500465","43.59442"
"KAZ","Kazakhstan","48.253048","48.132195","48.098835","48.070843","48.072895","48.138584","48.305935","48.495964","48.68459","48.855423","49.00187","49.04821","49.082325","48.99798","48.80879","48.885323","48.98341","49.07102","49.15463","48.95061","48.887737","48.869038","48.84306","48.811253","48.694126","48.572002","48.51973","48.513187","48.478973"
"KEN","Kenya","47.864285","48.02984","48.225777","48.454098","48.69553","48.933796","49.12769","49.26682","49.404568","49.547783","49.2345","48.88169","48.49703","48.08421","47.64726","47.19446","47.279892","47.330563","47.330814","47.37188","47.481808","47.605133","47.7615","47.953747","48.14467","48.332703","48.534096","48.716682","48.714973"
"KGZ","Kyrgyz Republic","42.12867","42.39108","42.891552","43.489876","44.39753","44.700676","44.500313","44.22622","44.260956","44.23044","44.11017","43.960793","43.977276","43.428307","42.944344","42.530613","42.295383","42.216305","42.173874","42.181046","41.719997","41.804863","41.34772","40.33487","41.344063","40.939266","40.253643","40.16333","40.04204"
"KHM","Cambodia","51.24312","51.109943","50.999603","50.9106","50.85032","50.817265","50.907906","51.141827","51.38866","51.61978","51.62237","51.851376","51.18981","50.45867","49.654526","49.84063","49.95195","50.054783","50.139343","50.193817","50.251995","49.95909","49.636414","49.28341","48.91103","48.524593","48.453815","48.412094","48.352882"
"KIR","Kiribati","0","0","0","0","0","0","0","0","0","0","0","0","0","0","0","0","0","0","0","0","0","0","0","0","0","0","0","0","0"
"KNA","St. Kitts and Nevis","0","0","0","0","0","0","0","0","0","0","0","0","0","0","0","0","0","0","0","0","0","0","0","0","0","0","0","0","0"
"KOR","Korea, Rep.","39.573093","39.356194","39.17227","39.1821","39.35313","39.614628","39.915085","40.40168","39.35825","39.823177","40.36024","40.646385","40.64925","40.33478","40.691586","40.923443","41.145924","41.09532","41.156906","40.841732","40.963272","41.007534","41.079975","41.183563","41.432068","41.668022","41.799942","42.007217","41.9995"
"KWT","Kuwait","26.05369","26.346365","0","0","0","26.585798","26.87316","27.09775","27.265476","27.472315","27.573933","27.409233","27.25041","26.992872","26.885992","26.874853","27.399317","27.983873","28.60299","29.29684","29.845917","30.098787","30.342625","30.573498","30.688091","30.659603","30.258394","29.765665","29.250336"
"LAO","Lao PDR","49.84104","49.882378","49.946053","50.019478","50.10075","50.169907","50.187817","50.199253","50.21219","50.23775","50.28046","50.34572","50.42892","50.515186","50.590935","50.645294","50.621235","50.57391","50.49903","50.390793","50.247467","50.05859","49.84645","49.63315","49.442017","49.287148","49.228428","49.200603","49.19914"
"LBN","Lebanon","22.408066","22.524511","22.610449","22.703115","22.815994","22.942665","23.061575","23.116903","23.294315","23.36709","23.370722","22.668983","22.064728","21.592989","21.3357","21.445406","21.798695","22.22767","22.74854","23.270956","23.691826","23.986307","24.217396","24.369","24.490828","24.62684","24.79047","24.944746","24.988588"
"LBR","Liberia","47.300037","47.238293","46.908283","46.67978","46.57337","46.495777","46.680122","47.583744","47.87399","48.111355","48.55781","48.44039","48.40331","47.88149","47.895943","47.88898","47.875412","47.888924","47.877735","47.881187","47.96835","48.081398","48.22777","48.43012","48.55989","48.70271","48.817616","49.00624","49.006298"
"LBY","Libya","14.498333","14.651166","15.207914","15.818424","16.309353","17.10465","17.611185","18.147543","18.650375","19.121891","19.518885","20.024529","20.500856","20.671476","20.975952","21.079916","21.244694","21.378372","21.564148","21.805786","21.873055","23.951914","22.397049","23.429451","24.609468","24.776146","24.93344","24.4003","24.443274"
"LCA","St. Lucia","39.120487","39.096684","39.501923","39.925224","40.343224","40.74117","41.16713","41.54656","41.89715","42.24365","42.60845","42.961838","43.203274","43.73583","44.402985","44.540146","44.88959","44.91102","45.081245","44.90526","44.79811","45.031036","45.045124","45.10777","45.107998","45.248432","45.297756","45.443245","45.518497"
"LIE","Liechtenstein","0","0","0","0","0","0","0","0","0","0","0","0","0","0","0","0","0","0","0","0","0","0","0","0","0","0","0","0","0"
"LKA","Sri Lanka","36.200195","34.57945","33.05035","32.88588","33.40025","32.703487","32.18139","31.848064","35.198277","32.964775","33.094574","33.177364","33.2707","33.372593","33.47725","33.581715","33.662434","33.7466","33.831665","33.92399","32.97472","33.09376","32.103657","33.916622","33.68757","34.04707","34.474552","34.94235","35.027843"
"LSO","Lesotho","52.42395","51.623817","50.685234","49.718582","48.925358","48.382267","48.424664","48.677814","49.046314","49.420803","49.46959","49.29477","49.037174","48.725998","48.403225","48.104187","47.831375","47.571556","47.314243","47.051598","46.771877","46.486626","46.17926","45.856342","45.82581","45.785313","45.744453","45.734222","45.61385"
"LTU","Lithuania","46.855656","46.840527","46.852978","46.869858","46.924423","46.986347","47.109024","47.283386","47.462982","48.840897","49.475063","49.16254","48.783195","49.646614","49.008125","49.10551","49.548756","49.360516","49.49577","50.375057","50.624775","50.400238","50.628017","50.15474","50.193157","50.4649","50.56277","50.535732","50.511517"
"LUX","Luxembourg","34.68726","35.65791","37.206116","36.454338","37.22937","36.05455","36.763813","37.63526","37.7807","39.098736","39.728733","39.89411","40.289547","40.925545","41.949276","42.337082","43.168777","43.4844","43.457886","43.259563","43.44449","43.94193","44.301807","44.097466","44.182274","45.137753","44.98094","45.738785","45.723083"
"LVA","Latvia","47.448223","47.48547","47.571693","47.634064","47.750187","47.829285","47.8968","48.798397","48.334576","47.71325","48.115513","48.780453","48.6923","48.89748","48.512177","48.492393","48.531033","48.394306","49.101166","49.82916","50.296024","49.80977","49.947243","49.988068","49.619274","49.647003","50.152206","49.952526","49.986843"
"MAR","Morocco","23.628876","23.774794","23.72853","23.735794","24.035767","24.019705","24.396936","24.517931","24.86827","25.078983","25.286652","25.586943","25.235056","26.35405","26.852911","26.943392","26.829798","26.650572","26.517212","26.473108","26.424189","26.37881","25.912685","25.870935","25.423208","24.997698","24.57385","24.173006","24.123722"
"MCO","Monaco","0","0","0","0","0","0","0","0","0","0","0","0","0","0","0","0","0","0","0","0","0","0","0","0","0","0","0","0","0"
"MDA","Moldova","50.41742","50.4931","50.951214","50.94866","51.841663","51.833363","51.984886","51.881653","52.072113","52.156185","52.044106","51.79197","51.501698","51.25488","50.97828","50.52739","50.048416","49.528194","48.97738","48.414646","48.58647","48.619198","48.999397","48.78716","48.703968","49.204243","49.165344","48.84665","48.70313"
"MDG","Madagascar","48.806477","48.828003","48.86684","48.90692","48.93812","48.965546","48.96286","48.9618","48.960583","48.963593","48.97108","48.97145","48.947926","48.971977","48.993576","49.01942","49.130787","49.22431","49.300644","49.361942","49.410015","49.448174","49.49332","49.278515","49.03676","48.76086","48.81488","48.862022","48.871136"
"MDV","Maldives","19.81912","21.264128","22.790428","24.374893","26.011534","27.66634","29.116364","30.537651","31.90735","33.208244","34.423233","34.28865","34.044346","33.73308","33.40341","33.08727","32.92232","32.714462","32.41824","31.975805","31.368748","30.496742","29.560352","28.59782","27.642422","25.816544","24.10583","22.857155","22.171717"
"MEX","Mexico","29.40927","29.77958","30.255098","30.779728","31.332325","32.520874","32.43806","33.418743","33.276703","32.974865","33.35983","33.095272","33.671204","33.59473","34.778725","35.17461","35.748947","36.018253","36.05049","36.538094","36.507034","36.758945","37.247124","37.383553","36.915283","37.145172","37.23668","37.086643","37.168404"
"MHL","Marshall Islands","0","0","0","0","0","0","0","0","0","0","0","0","0","0","0","0","0","0","0","0","0","0","0","0","0","0","0","0","0"
"MKD","North Macedonia","38.95713","38.98078","39.01017","39.049713","39.03672","39.011246","39.005196","38.79317","38.583908","38.376945","38.650093","38.944813","39.250412","39.755936","39.494446","39.243576","39.031425","39.633385","38.951347","38.57553","38.708748","39.408916","39.25808","40.042572","39.533833","39.440536","38.74757","38.956795","39.029263"
"MLI","Mali","44.52942","44.537914","44.46615","44.426502","44.407913","44.40468","44.326893","44.288704","44.290623","44.282997","44.233727","44.177216","44.069458","43.98916","43.885582","43.813","43.6449","43.500996","43.387665","43.298733","43.238842","43.112637","43.018433","42.97363","42.97294","43.749317","43.77554","43.815403","43.76397"
"MLT","Malta","27.741978","27.856213","27.630537","27.887041","28.501026","28.49427","28.66133","29.17418","29.458296","29.818123","30.626371","29.6445","31.307566","30.836178","29.644037","31.094069","31.333447","32.85675","33.837376","34.218285","34.457047","35.183895","36.608833","37.465122","38.116673","38.5581","38.930634","39.619686","39.657887"
"MMR","Myanmar","43.48156","43.49487","43.421043","43.369545","43.30902","43.261215","43.251057","43.2567","43.25856","43.202385","43.100613","42.981956","42.839436","42.67299","42.509995","42.356014","42.206432","42.08166","41.9838","41.8986","41.824577","41.760525","41.687634","41.61226","41.54073","41.47582","40.959797","40.45817","40.447273"
"MNE","Montenegro","42.538063","42.382214","42.339653","42.358967","42.404522","42.484726","42.61148","42.717113","42.874645","42.894333","43.027664","43.118885","43.208378","43.286293","43.366756","43.41704","43.599495","43.82064","43.966373","43.991028","44.192936","44.470573","44.29462","44.472836","44.62419","44.798454","44.09094","43.94969","44.00419"
"MNG","Mongolia","45.72814","45.691936","45.677284","45.683792","45.687706","45.686012","45.660686","45.60828","45.542053","45.485577","45.443108","45.4617","45.516827","45.601864","45.717384","45.802464","45.920437","46.06237","46.191315","46.013607","45.68415","45.589344","46.041573","45.689846","45.638805","45.450336","45.39308","45.54147","45.59538"
"MOZ","Mozambique","55.55157","55.69494","55.743073","55.777092","55.79548","55.822","55.862537","55.884594","55.64137","55.448795","55.289364","55.14449","55.011963","54.89258","54.684715","54.478497","54.276665","54.074715","53.870964","53.661682","53.44511","53.22495","52.99381","52.7517","52.495384","52.22544","52.211452","52.203228","52.08204"
"MRT","Mauritania","28.988682","29.019838","29.085697","29.202223","29.25812","29.39992","29.519802","29.56439","29.661242","29.80514","29.91025","29.906654","29.920216","29.958427","30.010067","30.076124","30.169374","30.25859","30.357649","30.46951","30.60348","30.759129","30.928736","31.090963","31.262213","31.416016","31.507172","31.653631","31.681822"
"MUS","Mauritius","31.947027","32.264854","32.462337","32.58062","32.719177","32.945557","33.174793","33.420612","33.678017","33.9364","34.183826","34.335327","34.460045","34.562763","34.659462","35.63189","36.002216","35.613842","36.353455","36.639805","37.492294","37.235264","37.41663","38.369427","38.4241","39.13559","38.808735","39.224823","39.37419"
"MWI","Malawi","50.2947","50.182022","50.05946","50.00631","49.901375","49.860474","49.926125","49.990196","50.063007","50.038696","50.004707","49.946404","49.876205","49.79408","49.69766","49.58791","49.44824","49.299137","49.141903","48.974926","48.798428","48.62223","48.44005","48.256683","48.35874","48.438686","48.54454","48.619587","48.543434"
"MYS","Malaysia","36.012882","35.94292","35.899136","35.871334","35.851334","35.83447","35.80788","35.784447","35.726562","35.686836","35.644524","35.54555","35.443333","35.331974","35.22473","35.115765","35.021065","34.951405","34.692013","34.958305","34.849686","35.48545","35.980686","37.20485","37.788532","37.9495","38.181347","38.22043","38.296444"
"NAM","Namibia","45.520245","45.72251","45.94953","46.122253","46.319965","46.25749","46.20249","46.13431","46.042328","45.961273","45.888054","46.127064","46.370026","46.617725","46.87057","47.127697","47.35388","47.58295","47.813416","48.043297","48.269543","48.484715","48.688576","50.04532","49.57673","48.943256","48.327957","48.381584","48.465717"
"NER","Niger","46.173386","46.05696","45.90559","45.78019","45.680984","45.60515","45.378975","45.202118","45.079796","44.9494","44.82765","44.65724","44.498425","44.362514","44.232822","44.13209","44.022408","43.9048","43.804173","43.685886","43.601585","43.491787","43.419487","43.343338","43.28462","43.228947","43.19017","43.17082","43.109085"
"NGA","Nigeria","42.29247","42.290928","42.346786","42.459602","42.586105","42.717346","42.77949","42.84849","42.933197","42.99697","43.10225","43.063457","43.029026","43.066463","43.315765","43.480114","43.664486","43.864746","44.08098","44.311462","44.553043","44.809486","45.07365","45.343304","45.377026","45.413307","45.371452","45.41532","45.48892"
"NIC","Nicaragua","31.552666","31.317274","30.782648","30.239367","29.867266","29.643587","29.702219","30.225225","30.754498","31.495033","32.212124","33.028748","33.86287","34.714813","35.581482","36.460445","37.330807","37.438557","37.554398","37.67523","37.79697","37.917316","38.03811","38.159615","38.284653","38.585056","38.859104","39.119686","39.219204"
"NLD","Netherlands","38.778584","39.18725","40.100746","40.353687","40.843746","41.15982","41.6663","41.965645","42.153835","42.88607","43.059727","43.408787","43.52909","44.098022","44.341557","44.699333","44.879032","45.232807","45.431892","45.65814","45.64932","45.91157","45.98761","45.97386","45.73659","45.986217","46.07007","46.181602","46.225185"
"NOR","Norway","44.940407","45.39837","45.30281","45.54471","45.620186","46.190605","46.255726","46.262363","46.567833","46.695694","46.573402","46.79337","47.29197","47.130386","47.310028","47.12751","47.118214","47.326","47.38635","47.50368","47.30575","47.462234","47.265385","47.361652","47.317673","47.10877","47.084274","47.15026","47.164318"
"NPL","Nepal","48.4612","48.22562","47.91753","47.60123","47.35547","47.226982","47.3524","47.609795","47.945282","48.29105","48.5623","48.603542","48.631756","48.65429","48.687794","48.74313","48.746323","48.75222","48.81999","49.134956","49.637077","50.63389","51.829174","53.097897","54.268135","55.21962","55.65788","55.870724","55.761963"
"NRU","Nauru","0","0","0","0","0","0","0","0","0","0","0","0","0","0","0","0","0","0","0","0","0","0","0","0","0","0","0","0","0"
"NZL","New Zealand","43.13894","43.442917","43.554024","43.523827","43.874092","44.056705","44.5781","44.64809","44.90776","45.125526","45.199665","45.51058","45.599655","46.00775","45.971962","46.195942","46.2181","46.352962","46.597874","46.736763","46.68125","46.809444","47.025906","47.170967","47.254623","47.247295","47.365833","47.390556","47.40757"
"OMN","Oman","14.767809","14.215604","13.590575","13.058265","12.726804","12.618157","13.300046","14.200591","15.273884","16.365705","17.259724","17.645332","17.99733","18.272966","18.205555","18.09132","17.84858","17.493261","17.03915","16.503496","15.925355","15.207488","14.542118","13.989836","13.576111","13.295838","13.21318","13.075769","12.898099"
"PAK","Pakistan","13.164661","13.092128","13.111789","13.619897","13.909556","12.222623","13.1629305","14.187905","14.534033","14.769454","15.210957","15.187407","15.353424","16.054298","16.782393","17.407005","18.098467","18.398325","18.867092","19.729801","20.539509","20.878763","20.985487","21.103207","21.471153","21.951096","21.853172","21.738718","21.86447"
"PAN","Panama","32.39187","33.005444","33.023697","33.09663","33.700615","34.233986","34.57556","34.91323","35.024647","35.13881","35.55744","35.971344","36.37707","36.66805","36.607212","37.10778","36.588577","36.984516","36.98681","37.006187","37.115303","36.52398","37.449684","38.131252","38.425667","39.22754","39.3534","39.68002","39.73995"
"PER","Peru","37.775894","37.83774","37.9935","38.18338","38.403484","39.8655","40.873207","41.869045","41.64148","42.60564","41.282692","43.19439","43.655537","44.450665","44.697468","44.65463","45.004566","45.48442","45.577496","45.563824","46.11429","45.935047","45.94026","45.996597","45.874657","45.536938","45.83956","45.827522","45.80601"
"PHL","Philippines","37.897697","37.988922","37.97462","38.098938","38.09055","38.130894","38.14366","38.17819","38.21818","38.306507","38.294407","38.36713","38.420963","38.370003","38.069267","38.63539","38.8849","38.928154","38.493122","38.840385","39.028004","39.196426","39.177315","39.323612","39.559055","39.39252","39.240635","38.250313","38.354538"
"PLW","Palau","0","0","0","0","0","0","0","0","0","0","0","0","0","0","0","0","0","0","0","0","0","0","0","0","0","0","0","0","0"
"PNG","Papua New Guinea","48.358128","48.459457","48.62067","48.861378","48.93203","48.841133","48.930428","48.82049","48.715313","48.69717","48.61178","48.56352","48.516575","48.47226","48.434303","48.40414","48.390076","48.387524","48.39455","48.413536","48.440773","48.387177","48.389484","48.37482","48.51532","48.60947","48.582535","48.557945","48.452515"
"POL","Poland","45.49948","45.474365","45.53742","45.547386","45.738564","45.547897","45.537567","45.229397","45.367657","45.54045","45.913147","46.004246","45.77019","45.730152","45.394176","45.25367","44.952007","44.850296","44.739193","44.794926","45.04679","44.995125","45.067986","44.98745","45.01935","44.973385","44.841526","44.75302","44.76797"
"PRK","Korea, Dem. Peopleâ€™s Rep.","49.266197","49.095802","48.928963","48.766563","48.623806","48.502792","48.426956","48.36564","48.327866","48.27885","48.238976","48.205486","48.171787","48.13201","48.0938","48.05947","48.035027","48.01997","47.992462","47.94735","47.919384","47.88347","47.817547","47.776245","47.736935","47.69836","47.6743","47.658905","47.634575"
"PRT","Portugal","42.44003","43.303085","43.27715","43.83367","44.14788","44.227177","44.561623","44.96101","44.883904","45.149826","45.37369","45.497906","45.5284","46.081635","45.98867","46.569122","46.724083","47.09924","47.262966","47.77641","48.20005","47.79289","48.224365","48.530308","48.684734","48.866104","48.796684","48.91492","48.939304"
"PRY","Paraguay","37.6494","37.669582","37.659676","37.76675","37.906548","37.79321","37.686306","37.584198","37.485966","37.394943","37.314625","37.248592","37.195465","37.658558","39.35856","39.072754","37.615623","38.515816","38.262558","39.015694","38.458942","39.40857","41.021145","40.554234","39.616997","39.560997","39.398956","39.504093","39.66662"
"PSE","West Bank and Gaza","13.84748","13.8457775","13.840658","13.832886","13.8445","13.873298","14.130684","14.412687","14.719223","15.045402","15.389907","13.386684","13.745796","15.901722","16.767778","16.592655","17.632809","18.832712","18.643452","18.755535","17.934885","19.31496","19.955564","19.786854","21.143463","20.736006","20.96181","20.827644","20.975847"
"QAT","Qatar","14.724436","15.151258","15.3056965","15.56466","15.773094","15.980745","16.082176","15.823489","15.834472","15.984546","16.081625","16.717047","17.23592","17.4777","16.885077","15.941603","14.863357","13.791894","12.560538","11.730126","11.685893","12.00108","12.370308","12.791579","13.197919","13.554775","13.627402","13.674289","13.750817"
"ROU","Romania","46.58668","46.44066","46.388275","46.3997","46.432995","46.514065","45.834003","46.433308","46.299664","46.468563","46.47996","46.499104","45.670464","45.18648","45.129593","44.801186","44.91847","44.7612","44.39938","44.318684","43.79857","44.297028","44.02601","43.86079","43.747864","43.109947","43.007248","43.428757","43.361202"
"RUS","Russian Federation","48.14729","48.04112","47.774883","47.53966","47.357395","47.323246","47.407642","47.62492","47.75088","48.280746","48.347645","48.36082","48.834328","48.914867","49.046333","49.19105","49.343304","49.235332","48.85368","48.97907","48.751686","48.810005","48.79108","48.640553","48.58711","48.463024","48.497303","48.492268","48.486225"
"RWA","Rwanda","49.140583","49.348015","49.707664","50.13818","50.429424","50.79527","50.88237","50.908806","50.95551","51.03506","51.127464","51.19279","51.214798","51.216137","51.221664","51.240368","51.25115","51.27541","51.30612","51.333923","51.355137","51.3807","51.40341","51.424843","51.450176","51.513588","51.585617","51.663124","51.687218"
"SDN","Sudan","23.601494","24.251942","24.916817","25.594084","26.281153","26.97452","27.702366","27.394602","27.090246","26.788134","26.487452","26.184832","25.88469","25.593117","25.319693","25.065811","24.862041","24.684267","24.522757","24.366314","24.550032","24.778793","25.045351","25.284206","25.533222","25.812368","26.074133","26.348907","26.304161"
"SEN","Senegal","30.380138","30.521696","30.66445","30.841892","31.07383","31.43235","31.675642","32.01981","32.4496","32.90011","33.311684","33.632652","33.915367","34.242702","34.55298","34.844185","35.00464","35.503975","36.018883","36.547153","37.091003","37.620205","38.16449","38.71649","39.27574","39.843887","39.87826","39.95949","39.972515"
"SGP","Singapore","37.676193","37.838776","37.990868","38.33627","38.56277","38.672478","38.754574","38.835373","38.315777","38.643925","38.873592","39.2922","39.227074","39.954372","40.44791","40.55617","40.482994","40.29885","41.055523","40.451847","40.701294","40.9121","41.110924","41.26165","41.60583","41.92653","42.04378","42.089245","42.114025"
"SLB","Solomon Islands","42.814068","42.835155","42.814003","42.823013","42.796032","42.766922","42.750614","42.739002","42.716827","42.71387","42.812508","42.936657","43.0517","43.12728","43.22339","43.316647","43.364582","43.42533","43.48399","43.585526","43.621357","43.59333","43.565887","43.529552","43.493206","43.460968","43.4331","43.40831","43.389027"
"SLE","Sierra Leone","50.024025","50.03437","49.844193","49.92935","50.01275","50.03486","50.066418","50.06372","50.146076","50.160748","50.18928","50.031757","50.18442","50.21243","50.027058","49.98712","49.94703","49.90399","49.85913","49.81794","49.785534","49.75503","49.733322","49.7201","49.713364","49.595127","49.801727","49.98005","49.949062"
"SLV","El Salvador","34.188065","34.544075","35.19961","36.423515","37.305153","36.66281","36.404427","36.78405","38.650932","39.226337","39.45553","39.66803","39.907516","40.359238","39.87994","40.312363","40.712082","40.72336","40.936554","41.115887","41.70167","41.59769","41.98875","42.63671","42.24048","41.8755","42.188057","41.20707","41.329414"
"SOM","Somalia","22.345036","22.078926","21.885576","21.739168","21.552702","21.237816","20.820133","20.40344","19.98707","19.633593","19.388535","19.029457","18.847746","18.788174","18.76956","18.76281","18.785877","18.803034","18.847267","18.980476","19.217773","19.349796","19.60501","19.927757","20.238045","20.499912","20.656462","20.785784","20.832888"
"SRB","Serbia","42.733","42.80091","42.857697","42.88158","42.89382","42.89261","42.914455","42.936222","42.967026","42.984844","42.9529","42.93958","42.91947","42.885593","42.895874","42.897762","42.912395","43.56299","43.582947","43.747486","43.423397","43.18283","43.194427","43.41306","43.62862","43.639866","44.103817","44.396965","44.434437"
"SSD","South Sudan","48.500587","48.418106","48.407906","48.4457","48.459415","48.369404","48.301453","48.24294","48.176636","48.12896","48.12865","48.08362","48.10193","48.168278","48.25159","48.327766","48.368664","48.418552","48.480267","48.568844","48.69162","48.763382","48.86426","48.98798","49.122196","49.260017","49.347576","49.43717","49.487885"
"SUR","Suriname","34.22453","34.18859","33.855274","32.879185","32.897236","32.810062","32.911488","33.450317","33.680313","33.711437","33.805107","34.201","34.558834","35.042633","35.76652","36.131695","36.468925","36.909683","37.278","37.548824","37.961002","38.398632","38.5878","38.782562","38.77038","38.535114","38.086502","38.043518","38.212666"
"SVK","Slovak Republic","46.896297","46.930946","46.60394","46.125523","44.635227","44.799652","45.24726","45.23349","45.006226","45.34464","45.589363","45.529854","45.56637","45.47242","45.41807","44.815327","44.636127","44.717876","44.733917","44.447178","44.78339","44.43741","44.575283","44.796177","44.75823","45.260952","45.460842","45.64594","45.667767"
"SVN","Slovenia","46.230995","46.284798","46.33062","46.367863","46.398327","46.39593","46.311295","46.702194","46.30915","46.026394","46.042","45.63478","45.932297","45.90683","46.16661","45.976437","46.1665","45.854515","46.036034","45.846855","45.59088","45.72479","45.932785","45.675358","45.94189","45.915802","46.48587","46.49464","46.52678"
"SWE","Sweden","47.703125","47.586193","47.628036","47.540886","47.336983","47.33624","47.574074","47.450836","47.224022","47.61711","47.68282","47.585323","47.719296","47.755894","47.608154","47.504574","47.457966","47.514397","47.429874","47.396847","47.130863","47.32374","47.43672","47.461643","47.509777","47.69049","47.653896","47.65329","47.684715"
"SWZ","Eswatini","35.548172","35.178207","34.92157","34.767445","34.703434","34.741714","34.929157","35.143917","35.4258","35.81986","36.327843","36.72482","37.212097","37.726162","38.21377","38.654903","39.257946","39.826195","40.319527","40.752647","41.12412","41.25849","41.32301","41.326378","41.243183","41.119644","40.9869","40.827606","40.65716"
"SYC","Seychelles","0","0","0","0","0","0","0","0","0","0","0","0","0","0","0","0","0","0","0","0","0","0","0","0","0","0","0","0","0"
"SYR","Syrian Arab Republic","21.720226","21.727867","21.71505","21.768778","21.845495","21.919716","20.108185","18.410625","16.81891","18.225283","19.878847","19.631973","19.41615","19.284252","18.15198","17.13722","16.257736","15.766078","16.441517","15.11763","15.285112","15.124417","14.92966","14.744822","14.575278","14.41902","14.568883","14.76805","14.62911"
"TCD","Chad","45.861645","45.75586","45.673203","45.521614","45.480034","45.419163","45.29534","45.215244","45.163082","45.098186","45.039715","44.96865","44.913044","44.89972","44.96913","45.02749","44.980003","44.983486","45.017437","45.077812","45.183598","45.21072","45.289337","45.374603","45.483006","45.58961","45.631355","45.70818","45.744"
"TGO","Togo","49.98643","50.030605","50.09475","50.120777","50.288887","50.409237","50.53959","50.671078","50.708042","50.767662","50.817825","50.813026","50.81707","50.851894","50.86515","50.86173","50.825836","50.559406","50.284573","50.002083","49.71299","49.42077","49.418808","49.426273","49.457615","49.500904","49.548096","49.604343","49.50705"
"THA","Thailand","45.29381","45.16816","45.03162","44.893986","44.77798","45.22375","45.71702","45.952095","45.63242","45.65056","45.864338","45.613514","45.722134","45.832127","45.749374","45.992584","45.725998","45.89892","45.963795","45.81171","45.901924","46.465305","46.232975","45.660213","45.573483","45.652203","45.64831","45.655037","45.65301"
"TJK","Tajikistan","35.33653","35.332397","35.332798","35.340195","35.35965","35.396587","35.452892","35.52316","35.60583","35.69719","35.78974","35.831573","35.867268","35.887512","36.01194","35.716194","35.394123","35.0188","34.633408","34.45325","34.13575","33.78283","33.424908","33.08","32.78515","32.544044","32.297558","32.06842","31.943062"
"TKM","Turkmenistan","41.5071","41.58562","41.73473","41.79074","41.94446","42.03502","42.073715","42.18968","42.21801","42.20973","42.241566","42.27743","42.336388","42.382988","42.411877","42.39946","42.37316","42.32446","42.253647","42.19111","42.124523","42.048508","41.97632","41.903797","41.831944","41.772755","41.73527","41.700592","41.656845"
"TLS","Timor-Leste","34.145226","33.960968","33.72038","33.489998","33.249695","33.060764","32.9762","33.00152","33.204086","33.31154","33.437084","33.29014","32.862545","32.48975","32.184746","31.947306","31.728113","31.58726","31.526701","31.549507","31.657255","31.685732","31.733923","31.791862","31.846289","31.89299","31.929287","31.95611","31.881668"
"TON","Tonga","32.246376","33.678993","35.09896","36.51878","37.907875","37.938297","37.80231","37.649048","37.530964","37.457523","37.451683","37.57251","37.795017","38.056725","38.301533","38.545357","38.587845","38.53481","38.529266","38.53819","38.596897","38.639927","38.68432","38.686035","38.747517","38.832767","38.83013","38.835747","38.80992"
"TTO","Trinidad and Tobago","34.151478","35.205807","36.316704","37.48742","37.512333","37.65479","38.831776","38.682156","38.549225","38.57091","38.366684","38.829426","39.303295","40.213444","41.082947","41.914223","42.08207","41.295166","41.895527","41.294804","41.593487","41.59035","42.173298","42.314358","42.420654","41.754784","42.471252","42.232155","42.347263"
"TUN","Tunisia","22.964302","22.991022","23.134819","23.187164","23.287811","23.53037","23.817755","24.126053","24.29312","24.48562","24.700922","24.93196","25.187815","25.467196","25.758213","26.06241","26.770372","26.806374","26.90891","26.70755","26.60463","26.468128","26.982244","27.15966","27.05339","26.912088","26.716948","26.553648","26.473957"
"TUR","Turkey","30.702444","30.834356","30.089321","26.480988","29.520737","29.537165","29.453506","28.433424","28.790375","29.594275","27.699211","28.39669","29.36017","28.724443","26.172834","26.050528","26.330105","26.388489","26.975836","28.130972","29.18574","29.891504","30.506262","31.207207","31.03525","31.730616","32.260044","32.76042","32.719315"
"TUV","Tuvalu","0","0","0","0","0","0","0","0","0","0","0","0","0","0","0","0","0","0","0","0","0","0","0","0","0","0","0","0","0"
"TZA","Tanzania","49.158604","49.15939","49.16867","49.187973","49.215847","49.254948","49.265373","49.28295","49.30608","49.331078","49.351753","49.346527","49.490704","49.625095","49.74762","49.857025","49.94334","49.7728","49.587624","49.393536","49.189243","48.989155","48.770267","48.524914","48.247143","48.26769","48.27404","48.284344","48.222523"
"UGA","Uganda","45.547646","45.547882","45.75629","45.964005","46.169228","46.368793","46.557034","46.74085","46.913303","47.071514","47.21379","47.312775","47.396057","47.47471","47.558907","47.6559","47.773575","47.91153","48.06181","48.214447","48.360966","48.466713","48.569427","48.684593","48.811176","48.94051","49.01027","49.08048","49.041325"
"UKR","Ukraine","49.646027","49.527725","49.394985","49.259487","49.20823","49.256218","49.063072","48.895794","48.70715","48.45285","48.51462","48.694103","48.79704","48.829193","48.64059","47.993065","48.04584","48.09931","48.1515","48.200443","48.145397","47.79979","47.310955","47.64177","47.381855","47.442234","47.352787","47.328888","47.275074"
"URY","Uruguay","39.313488","39.806946","40.696377","40.661057","41.021076","41.45435","41.840614","42.225193","42.61098","42.86691","43.12889","43.662186","43.806133","43.99274","43.55916","44.093964","43.623787","43.8212","44.46674","44.50135","44.46687","44.714607","44.875298","44.5498","44.989506","45.07244","45.41332","45.44741","45.473877"
"USA","United States","44.313313","44.430546","44.56492","44.68628","45.15841","45.211678","45.297325","45.468826","45.48465","45.54113","45.554848","45.61294","45.66406","45.81434","45.745472","45.777164","45.759434","45.813046","45.962627","46.169502","46.17322","46.10129","45.978424","45.900814","45.95796","45.855164","45.862976","46.017647","45.993134"
"UZB","Uzbekistan","41.393845","41.43207","41.53034","41.573986","41.63687","41.685143","41.759865","41.820377","41.88648","41.955257","42.03075","42.08373","42.14518","42.201855","42.225357","42.224556","42.200333","42.145184","42.07653","42.00275","41.928783","41.854855","41.77105","41.686214","41.607147","41.534466","41.47078","41.420567","41.371395"
"VCT","St. Vincent and the Grenadines","36.04374","36.098194","36.521942","36.81909","36.74436","37.279034","37.39405","37.643673","37.929207","38.10491","38.192776","38.376694","38.831097","39.343647","39.637592","39.83394","40.328743","40.293583","40.699444","40.608734","40.45963","40.440483","40.539276","40.67244","40.778313","40.87144","41.00371","41.068897","41.19866"
"VEN","Venezuela, RB","36.165565","36.382675","36.52163","36.49356","36.394703","36.535805","36.62802","36.959824","37.097565","37.023403","37.30106","37.583176","37.43355","37.334724","38.066845","38.565517","39.03499","39.04266","39.381317","39.698383","39.543865","39.86522","39.922066","40.055904","40.016277","39.91802","39.46583","39.160816","39.363457"
"VNM","Vietnam","48.53998","48.51725","48.49963","48.48173","48.462997","48.442787","48.4265","48.40494","48.37838","48.34994","48.323074","48.293823","48.2664","48.238438","48.20337","48.159492","48.117466","48.071224","48.02115","47.971157","47.688602","47.640125","47.824547","47.85709","47.907078","47.71294","47.791412","47.764057","47.780243"
"VUT","Vanuatu","42.808315","42.82418","42.831955","42.839497","42.837128","42.86158","42.859","42.866848","42.888878","42.917976","42.93812","42.98972","43.039524","43.068104","43.10193","43.14156","43.180973","43.26969","43.385925","43.516743","43.63307","43.656723","43.648724","43.63615","43.63483","43.647293","43.640762","43.621407","43.591206"
"WSM","Samoa","35.797462","35.71599","35.65444","35.661304","35.49533","35.530293","35.489605","35.31329","35.21222","35.133842","35.222248","35.42085","35.564747","35.735737","35.92905","36.115227","36.168324","36.435314","36.4747","36.235523","36.216637","36.431328","36.377647","36.19614","36.15504","36.151897","36.40317","36.46495","36.48271"
"YEM","Yemen, Rep.","19.714687","19.385853","19.120825","18.838036","18.701645","19.373568","20.241014","21.179478","22.17202","23.189821","22.13013","21.072954","20.03105","19.008373","18.009308","17.042791","16.108183","15.210521","14.348679","13.517439","12.715072","11.417094","10.239395","9.180028","8.230341","8.122394","8.014007","7.9636297","7.771365"
"ZAF","South Africa","39.67816","40.22824","40.79262","41.399956","42.028618","42.649273","43.117874","43.55309","43.95588","44.37136","44.80236","45.100468","44.877075","44.459682","43.74472","44.148315","44.60191","44.249523","43.960873","43.850864","43.68765","44.18925","44.09905","44.55926","44.59854","44.723324","44.680546","45.036293","45.04338"
"ZMB","Zambia","46.92811","46.954464","47.009693","47.10336","47.15899","47.233288","47.251244","47.25812","47.25566","47.273167","47.302284","47.286743","47.2913","47.316196","47.349754","47.39116","47.463863","47.535805","47.60676","47.672016","47.732086","47.76503","47.793644","47.86536","47.944046","48.02928","48.115204","48.211327","48.232613"
"ZWE","Zimbabwe","45.351765","45.51841","45.667515","45.867325","46.109276","46.343807","46.57359","46.804714","46.700825","46.634235","47.2418","47.898647","48.57684","49.256966","49.90928","50.207508","50.326134","50.417713","50.490334","50.5615","50.64093","50.7244","50.823627","50.893547","50.94846","50.9963","50.99675","51.006966","50.98119"
