iso_code,country,1990,1991,1992,1993,1994,1995,1996,1997,1998,1999,2000,2001,2002,2003,2004,2005,2006,2007,2008,2009,2010,2011,2012,2013,2014,2015,2016,2017,2018
ABW,Aruba,0,0,0,0,0,0,0,0,0,0,97.3,97.3,97.3,97.3,97.3,97.3,97.3,97.3,97.3,97.3,96.8,96.8,96.8,96.8,96.8,96.8,96.8,96.8,97.8
AFG,Afghanistan,18.2,18.2,18.2,18.2,18.2,18.2,18.2,18.2,18.2,18.2,18.2,18.2,18.2,18.2,18.2,18.2,18.2,18.2,18.2,18.2,18.2,31.7,31.7,31.7,31.7,31.7,31.7,31.7,43
AGO,Angola,0,0,0,0,0,0,0,0,0,0,0,67.4,67.4,67.4,67.4,67.4,67.4,67.4,67.4,67.4,67.4,67.4,67.4,67.4,66,66,66,66,66
ALB,Albania,0,0,0,0,0,0,0,0,0,0,0,98.7,98.7,98.7,98.7,98.7,98.7,98.7,95.9,95.9,95.9,96.8,97.2,97.2,97.2,97.2,97.2,97.2,98.1
AND,Andorra,0,0,0,0,0,0,0,0,0,0,0,0,0,0,0,0,0,0,0,0,0,0,0,0,0,0,0,0,0
ARB,Arab World,55.2,56.3,57.2,57.9,58.7,59.7,61.2,61.9,63.1,64.2,65.1,66.3,67.5,70.2,71.2,71.8,69.7,70.1,71.1,69.8,70.8,72.6,73.7,73.9,74.6,75.1,73.7,74.5,74.6
ARE,United Arab Emirates,71.2,71.2,71.2,71.2,71.2,71.2,71.2,71.2,71.2,71.2,71.2,71.2,71.2,71.2,71.2,90,90,90,90,90,90,90,90,90,90,90,90,90,90
ARG,Argentina,93.9,96.1,96.1,96.1,96.1,96.1,96.1,96.1,96.1,96.1,96.1,97.2,97.2,97.2,97.2,97.2,98.6,98.6,98.6,99,99,99.1,99.1,99.1,99,99.2,99.1,99.1,99
ARM,Armenia,98.8,98.8,98.8,98.8,98.8,98.8,98.8,98.8,98.8,98.8,98.8,99.4,99.4,99.4,99.4,99.4,99.4,99.4,99.4,99.4,99.4,99.7,99.7,99.7,99.7,99.7,99.7,99.7,99.7
ASM,American Samoa,97.3,97.3,97.3,97.3,97.3,97.3,97.3,97.3,97.3,97.3,97.3,97.3,97.3,97.3,97.3,97.3,97.3,97.3,97.3,97.3,97.3,97.3,97.3,97.3,97.3,97.3,97.3,97.3,97.3
ATG,Antigua and Barbuda,0,0,0,0,0,0,0,0,0,0,0,99,99,99,99,99,99,99,99,99,99,99,99,99,99,99,99,99,99
AUS,Australia,0,0,0,0,0,0,0,0,0,0,0,0,0,0,0,0,0,0,0,0,0,0,0,0,0,0,0,0,0
AUT,Austria,0,0,0,0,0,0,0,0,0,0,0,0,0,0,0,0,0,0,0,0,0,0,0,0,0,0,0,0,0
AZE,Azerbaijan,0,0,0,0,0,0,0,0,0,98.8,98.8,98.8,98.8,98.8,98.8,98.8,98.8,99.6,99.6,99.8,99.8,99.8,99.8,99.8,99.8,99.8,99.8,99.8,99.8
BDI,Burundi,37.4,37.4,37.4,37.4,37.4,37.4,37.4,37.4,37.4,37.4,59.3,59.3,59.3,59.3,59.3,59.3,59.3,59.3,48.1,48.1,48.1,48.1,48.1,48.1,61.6,61.6,61.6,68.4,68.4
BEL,Belgium,0,0,0,0,0,0,0,0,0,0,0,0,0,0,0,0,0,0,0,0,0,0,0,0,0,0,0,0,0
BEN,Benin,16.5,16.5,27.2,27.2,27.2,27.2,27.2,27.2,27.2,27.2,27.2,27.2,34.7,34.7,34.7,34.7,28.7,28.7,28.7,28.7,28.7,28.7,32.9,32.9,32.9,32.9,32.9,32.9,42.4
BFA,Burkina Faso,8.7,13.6,13.6,13.6,13.6,13.6,12.8,12.8,12.8,12.8,12.8,12.8,12.8,21.8,21.8,23.6,22.5,28.7,28.7,28.7,28.7,28.7,28.7,28.7,34.6,34.6,34.6,34.6,41.2
BGD,Bangladesh,29.2,35.3,35.3,35.3,35.3,35.3,35.3,35.3,35.3,35.3,35.3,47.5,47.5,47.5,47.5,47.5,47.5,46.7,46.7,46.7,46.7,58.8,57.9,61,61.1,65.1,72.8,72.9,73.9
BGR,Bulgaria,0,0,0,0,0,0,0,0,0,0,0,98.2,98.2,98.2,98.2,98.2,98.2,98.2,98.2,98.2,98.2,98.4,98.4,98.4,98.4,98.4,98.4,98.4,98.4
BHR,Bahrain,69.8,84,84,84,84,84,84,84,84,84,84,86.5,86.5,86.5,86.5,86.5,86.5,86.5,86.5,86.5,91,91,91,91,91,91,97.1,97.4,97.5
BHS,"Bahamas, The",0,0,0,0,0,0,0,0,0,0,0,0,0,0,0,0,0,0,0,0,0,0,0,0,0,0,0,0,0
BIH,Bosnia and Herzegovina,0,89.1,89.1,89.1,89.1,89.1,89.1,89.1,89.1,89.1,96.7,96.7,96.7,96.7,96.7,96.7,96.7,96.7,96.7,96.7,96.7,98.1,98.1,97,97,97,97,97,97
BLR,Belarus,97.9,97.9,97.9,97.9,97.9,97.9,97.9,97.9,97.9,99.6,99.6,99.6,99.6,99.6,99.6,99.6,99.6,99.6,99.6,99.6,99.6,99.6,99.6,99.6,99.6,99.6,99.6,99.6,99.8
BLZ,Belize,0,70.3,70.3,70.3,70.3,70.3,70.3,70.3,70.3,70.3,70.3,70.3,70.3,70.3,70.3,70.3,70.3,70.3,70.3,70.3,70.3,70.3,70.3,70.3,70.3,70.3,70.3,70.3,70.3
BMU,Bermuda,0,0,0,0,0,0,0,0,0,0,0,0,0,0,0,0,0,0,0,0,0,0,0,0,0,0,0,0,0
BOL,Bolivia,63.2,63.2,80,80,80,80,80,80,80,80,80,86.7,86.7,86.7,86.7,86.7,86.7,90.7,90.7,91.2,91.2,92.2,94.5,94.5,94.5,92.5,92.5,92.5,92.5
BRA,Brazil,74.6,74.6,74.6,74.6,74.6,74.6,74.6,74.6,74.6,74.6,86.4,86.4,86.4,86.4,88.6,88.6,89.6,90,90,90.3,90.4,91.4,91.3,91.5,91.7,92,92.8,93.1,93.2
BRB,Barbados,99.6,99.6,99.6,99.6,99.6,99.6,99.6,99.6,99.6,99.6,99.6,99.6,99.6,99.6,99.6,99.6,99.6,99.6,99.6,99.6,99.6,99.6,99.6,99.6,99.6,99.6,99.6,99.6,99.6
BRN,Brunei Darussalam,77.7,87.8,87.8,87.8,87.8,87.8,87.8,87.8,87.8,87.8,87.8,92.7,92.7,92.7,92.7,92.7,92.7,92.7,92.7,92.7,92.7,96.1,96.1,96.1,96.1,96.1,96.1,96.1,97.2
BTN,Bhutan,0,0,0,0,0,0,0,0,0,0,0,0,0,0,0,52.8,52.8,52.8,52.8,52.8,52.8,52.8,57,57,57,57,57,66.6,66.6
BWA,Botswana,0,68.6,68.6,68.6,68.6,68.6,68.6,68.6,68.6,68.6,68.6,68.6,68.6,81.2,81.2,81.2,81.2,81.2,81.2,81.2,81.2,81.2,81.2,86.8,87.7,87.7,87.7,87.7,87.7
CAF,Central African Republic,33.6,33.6,33.6,33.6,33.6,33.6,33.6,33.6,33.6,33.6,50.6,50.6,50.6,50.6,50.6,50.6,50.6,50.6,50.6,50.6,36.8,36.8,36.8,36.8,36.8,36.8,36.8,36.8,37.4
CAN,Canada,0,0,0,0,0,0,0,0,0,0,0,0,0,0,0,0,0,0,0,0,0,0,0,0,0,0,0,0,0
CEB,Central Europe and the Baltics,98.2,98.2,98.2,98.3,98.3,98.4,98.4,98.5,98.5,98.5,98.5,98.5,98.6,98.6,98.6,98.6,98.6,98.7,98.7,98.9,98.9,98.9,98.9,99,99,99,99,99,99
CHE,Switzerland,0,0,0,0,0,0,0,0,0,0,0,0,0,0,0,0,0,0,0,0,0,0,0,0,0,0,0,0,0
CHI,Channel Islands,0,0,0,0,0,0,0,0,0,0,0,0,0,0,0,0,0,0,0,0,0,0,0,0,0,0,0,0,0
CHL,Chile,91.1,91.1,94.3,94.3,94.3,94.3,94.3,94.3,94.3,94.3,94.3,94.3,95.7,95.7,95.7,95.7,95.7,95.7,98.6,98.6,98.6,96.7,96.7,96.3,96.3,96.9,96.9,96.4,96.4
CHN,China,77.8,77.8,77.8,77.8,77.8,77.8,77.8,77.8,77.8,77.8,90.9,90.9,90.9,90.9,90.9,90.9,90.9,90.9,90.9,90.9,95.1,95.1,95.1,95.1,95.1,95.1,95.1,95.1,96.8
CIV,Cote d'Ivoire,34.1,34.1,34.1,34.1,34.1,34.1,34.1,34.1,36.4,36.4,48.7,48.7,48.7,48.7,48.7,48.7,48.7,48.7,48.7,48.7,48.7,48.7,41,41,43.9,43.9,43.9,43.9,47.2
CMR,Cameroon,41.2,41.2,41.2,41.2,41.2,41.2,41.2,41.2,41.2,41.2,68.4,68.4,68.4,68.4,68.4,68.4,68.4,70.7,70.7,70.7,71.3,71.3,71.3,71.3,71.3,71.3,71.3,71.3,77.1
COD,"Congo, Dem. Rep.",0,0,0,0,0,0,0,0,0,0,0,67.2,67.2,67.2,67.2,67.2,67.2,61.2,61.2,61.2,61.2,61.2,75,75,75,75,77,77,77
COG,"Congo, Rep.",0,0,0,0,0,0,0,0,0,0,0,0,0,0,0,0,0,0,0,0,0,79.3,79.3,79.3,79.3,79.3,79.3,79.3,80.3
COL,Colombia,0,0,0,91.1,91.1,91.1,91.2,91.2,91.2,91.2,91.2,91.2,91.2,91.2,92.8,92.8,92.3,92.7,93.4,93.2,93.4,93.6,93.6,93.6,94.2,94.2,94.7,94.7,95.1
COM,Comoros,47.9,47.9,47.9,47.9,47.9,47.9,47.9,47.9,47.9,47.9,68.5,68.5,68.5,68.5,68.5,68.5,68.5,68.5,68.5,68.5,68.5,68.5,49.2,49.2,49.2,49.2,49.2,49.2,58.8
CPV,Cabo Verde,62.8,62.8,62.8,62.8,62.8,62.8,62.8,62.8,62.8,62.8,62.8,62.8,62.8,62.8,81,81,81,81,81,81,81,81,85.3,85.3,85.3,86.8,86.8,86.8,86.8
CRI,Costa Rica,92.6,92.6,92.6,92.6,92.6,92.6,92.6,92.6,92.6,92.6,94.9,94.9,94.9,94.9,94.9,94.9,94.9,94.9,94.9,94.9,94.9,97.4,97.4,97.4,97.4,97.4,97.4,97.4,97.9
CSS,Caribbean small states,0,0,0,86.2,86.3,86.6,86.8,87.1,87.3,87,87.8,88.1,88.4,88.6,88.9,89.2,89.3,89.9,90.2,90.4,90.6,90.8,90.8,90.9,91,91.1,91.1,91.1,91.1
CUB,Cuba,97.8,97.8,97.8,97.8,97.8,97.8,97.8,97.8,97.8,97.8,97.8,97.8,99.8,99.8,99.8,99.8,99.8,99.8,99.8,99.8,99.8,99.8,99.8,99.8,99.8,99.8,99.8,99.8,99.8
CUW,Curacao,0,0,0,0,0,0,0,0,0,0,0,0,0,0,0,0,0,0,0,0,0,0,0,0,0,0,0,0,0
CYM,Cayman Islands,0,0,0,0,0,0,0,0,0,0,0,0,0,0,0,0,0,98.9,98.9,98.9,98.9,98.9,98.9,98.9,98.9,98.9,98.9,98.9,98.9
CYP,Cyprus,0,0,94.4,94.4,94.4,94.4,94.4,94.4,94.4,94.4,94.4,96.8,96.8,96.8,96.8,96.8,96.8,96.8,96.8,96.8,96.8,98.7,98.7,98.7,98.7,98.7,98.7,98.7,98.7
CZE,Czech Republic,0,0,0,0,0,0,0,0,0,0,0,0,0,0,0,0,0,0,0,0,0,0,0,0,0,0,0,0,0
DEU,Germany,0,0,0,0,0,0,0,0,0,0,0,0,0,0,0,0,0,0,0,0,0,0,0,0,0,0,0,0,0
DJI,Djibouti,0,0,0,0,0,0,0,0,0,0,0,0,0,0,0,0,0,0,0,0,0,0,0,0,0,0,0,0,0
DMA,Dominica,0,0,0,0,0,0,0,0,0,0,0,0,0,0,0,0,0,0,0,0,0,0,0,0,0,0,0,0,0
DNK,Denmark,0,0,0,0,0,0,0,0,0,0,0,0,0,0,0,0,0,0,0,0,0,0,0,0,0,0,0,0,0
DOM,Dominican Republic,73.1,73.1,73.1,73.1,73.1,73.1,73.1,73.1,73.1,73.1,73.1,73.1,87,87,87,87,87,88.2,88.2,88.2,89.5,90.1,90.2,90.9,91.8,92,93.8,93.8,93.8
DZA,Algeria,49.6,49.6,49.6,49.6,49.6,49.6,49.6,49.6,49.6,49.6,49.6,49.6,69.9,69.9,69.9,69.9,72.6,72.6,75.1,75.1,75.1,75.1,75.1,75.1,75.1,75.1,75.1,75.1,81.4
EAP,East Asia & Pacific (excluding high income),79.8,81.1,81.6,82.1,82.6,83.1,83.7,89.3,89.7,90,90.6,90.8,91.2,91.6,92.1,92.5,92.9,94,94.2,94.5,94.6,94.5,94.7,94.8,95.2,95.4,95.5,95.7,95.9
EAR,Early-demographic dividend,58.7,59.1,60.2,60.9,61.7,62.5,63.3,63.9,67,67.6,68.3,68.7,69.4,70.4,71.2,71.1,71.2,72.2,73.3,74.1,75.3,75.3,75.9,76.5,77.2,78,78.6,79,79.4
EAS,East Asia & Pacific,80.4,81.6,82.1,82.5,83,83.5,84,89.1,89.4,89.8,90.3,90.5,90.9,91.3,91.9,92.2,92.7,93.7,93.9,94.2,94.3,94.1,94.3,94.4,94.9,95.1,95.3,95.5,95.6
ECA,Europe & Central Asia (excluding high income),95.6,95.6,95.7,95.9,96,96.1,96.3,96.4,96.7,96.8,96.9,97,97.1,97.1,97.3,97.5,97.5,97.6,97.6,98.1,98.4,98.6,98.8,98.8,98.8,98.9,99,99,99
ECS,Europe & Central Asia,0,0,0,0,95.7,95.8,96,96.1,96.4,96.5,96.6,96.7,96.8,96.9,97,97,97.1,97.1,97.2,97.4,97.6,97.9,98,98.1,98.1,98.2,98.3,98.3,98.3
ECU,Ecuador,88.3,88.3,88.3,88.3,88.3,88.3,88.3,88.3,88.3,88.3,88.3,91,91,91,91,91,91,92.1,92.4,92.2,91.9,91.6,92.1,93.3,94.2,94.5,94.4,92.8,92.8
EGY,"Egypt, Arab Rep.",44.4,44.4,44.4,44.4,44.4,44.4,55.6,55.6,55.6,55.6,55.6,55.6,55.6,55.6,55.6,71.4,66.4,66.4,66.4,66.4,72,72,73.9,75.1,75.1,75.1,75.1,71.2,71.2
EMU,Euro area,0,0,0,0,0,0,0,0,0,0,0,0,0,0,0,0,0,0,0,0,0,0,0,0,0,0,0,0,0
ERI,Eritrea,0,0,0,0,0,0,0,0,0,0,0,0,52.5,52.5,52.5,52.5,52.5,52.5,64.7,64.7,64.7,64.7,64.7,64.7,64.7,64.7,64.7,64.7,76.6
ESP,Spain,92.8,96.5,96.5,96.5,96.5,96.5,96.5,96.5,96.5,96.5,96.5,96.5,96.5,96.5,97.2,97.8,97.8,97.9,97.6,97.7,97.7,97.8,97.9,98.1,98.1,98.1,98.3,98.3,98.4
EST,Estonia,99.7,99.7,99.7,99.7,99.7,99.7,99.7,99.7,99.7,99.7,99.8,99.8,99.8,99.8,99.8,99.8,99.8,99.8,99.8,99.8,99.8,99.9,99.9,99.9,99.9,99.9,99.9,99.9,99.9
ETH,Ethiopia,0,0,0,0,27,27,27,27,27,27,27,27,27,27,35.9,29.8,29.8,39,39,39,39,39,39,39,39,39,39,51.8,51.8
EUU,European Union,0,0,0,0,0,0,0,0,0,0,0,0,0,0,0,0,0,0,0,0,0,0,0,0,0,0,0,0,0
FCS,Fragile and conflict affected situations,56.9,57.1,57.3,57.5,58.5,59,59.5,60.4,61.2,61.8,62.6,63.5,64.3,64.4,64.9,65.1,63.2,63.5,63.1,61.1,61.6,61.2,61.4,61.2,61.9,62.2,62.5,63.3,63.8
FIN,Finland,0,0,0,0,0,0,0,0,0,0,0,0,0,0,0,0,0,0,0,0,0,0,0,0,0,0,0,0,0
FJI,Fiji,0,0,0,0,0,0,92.9,92.9,92.9,92.9,92.9,92.9,92.9,92.9,92.9,92.9,92.9,92.9,92.9,92.9,92.9,92.9,92.9,92.9,92.9,92.9,92.9,99.1,99.1
FRA,France,0,0,0,0,0,0,0,0,0,0,0,0,0,0,0,0,0,0,0,0,0,0,0,0,0,0,0,0,0
FRO,Faroe Islands,0,0,0,0,0,0,0,0,0,0,0,0,0,0,0,0,0,0,0,0,0,0,0,0,0,0,0,0,0
FSM,"Micronesia, Fed. Sts.",0,0,0,0,0,0,0,0,0,0,0,0,0,0,0,0,0,0,0,0,0,0,0,0,0,0,0,0,0
GAB,Gabon,0,0,0,72.2,72.2,72.2,72.2,72.2,72.2,72.2,72.2,72.2,72.2,72.2,72.2,72.2,72.2,72.2,72.2,72.2,72.2,72.2,82.3,82.3,82.3,82.3,82.3,82.3,84.7
GBR,United Kingdom,0,0,0,0,0,0,0,0,0,0,0,0,0,0,0,0,0,0,0,0,0,0,0,0,0,0,0,0,0
GEO,Georgia,0,0,0,0,0,0,0,0,0,0,0,0,99.7,99.7,99.7,99.7,99.7,99.7,99.7,99.7,99.7,99.7,99.7,99.7,99.6,99.6,99.6,99.4,99.4
GHA,Ghana,0,0,0,0,0,0,0,0,0,0,57.9,57.9,57.9,57.9,57.9,57.9,57.9,57.9,57.9,57.9,71.5,71.5,71.5,71.5,71.5,71.5,71.5,71.5,79
GIB,Gibraltar,0,0,0,0,0,0,0,0,0,0,0,0,0,0,0,0,0,0,0,0,0,0,0,0,0,0,0,0,0
GIN,Guinea,0,0,0,0,0,0,20.6,20.6,20.6,20.6,20.6,20.6,20.6,29.7,29.7,29.7,29.7,29.7,29.7,29.7,25.3,25.3,25.3,25.3,32,32,32,32,32
GMB,"Gambia, The",0,0,0,0,0,0,0,0,0,0,36.8,36.8,36.8,36.8,36.8,36.8,36.8,36.8,36.8,36.8,36.8,36.8,36.8,42,42,50.8,50.8,50.8,50.8
GNB,Guinea-Bissau,20,20,20,20,20,20,20,20,20,20,41.4,41.4,41.4,41.4,41.4,41.4,41.4,41.4,41.4,41.4,41.4,41.4,41.4,41.4,45.6,45.6,45.6,45.6,45.6
GNQ,Equatorial Guinea,0,0,0,0,0,0,0,0,0,0,88.3,88.3,88.3,88.3,88.3,88.3,88.3,88.3,88.3,88.3,94.4,94.4,94.4,94.4,95,95,95,95,95
GRC,Greece,90.5,92.6,92.6,92.6,92.6,92.6,92.6,92.6,92.6,92.6,92.6,96,96,96,96,93,93,93.9,93.9,93.9,93.9,97.4,97.4,97.4,97.4,97.4,97.4,97.4,97.4
GRD,Grenada,98.6,98.6,98.6,98.6,98.6,98.6,98.6,98.6,98.6,98.6,98.6,98.6,98.6,98.6,98.6,98.6,98.6,98.6,98.6,98.6,98.6,98.6,98.6,98.6,98.6,98.6,98.6,98.6,98.6
GRL,Greenland,0,0,0,0,0,0,0,0,0,0,0,0,0,0,0,0,0,0,0,0,0,0,0,0,0,0,0,0,0
GTM,Guatemala,0,0,0,0,64.2,64.2,64.2,64.2,64.2,64.2,64.2,64.2,69.1,69.1,69.1,69.1,69.1,69.1,69.1,69.1,69.1,69.1,78.3,77,81.3,81.3,81.3,81.3,81.3
GUM,Guam,99.4,99.4,99.4,99.4,99.4,99.4,99.4,99.4,99.4,99.4,99.4,99.4,99.4,99.4,99.4,99.4,99.4,99.4,99.4,99.4,99.4,99.4,99.4,99.4,99.4,99.4,99.4,99.4,99.4
GUY,Guyana,0,0,0,0,0,0,0,0,0,0,0,0,0,0,0,0,0,0,0,85,85,85,85,85,85.6,85.6,85.6,85.6,85.6
HIC,High income,0,0,0,0,0,0,0,0,0,0,0,0,0,0,0,0,0,0,0,0,0,0,0,0,0,0,0,0,0
HKG,"Hong Kong SAR, China",0,0,0,0,0,0,0,0,0,0,0,0,0,0,0,0,0,0,0,0,0,0,0,0,0,0,0,0,0
HND,Honduras,0,0,0,0,0,0,0,0,0,0,0,80,80,80,80,80,80,83.6,83.6,83.6,84.8,85.1,85.4,85.5,87.2,87.9,89,89,87.2
HPC,Heavily indebted poor countries (HIPC),46.1,46.3,46.6,47,47.6,47.6,48.1,48.9,49.6,50.4,51.1,52,52.5,53.3,55.2,54.4,53.2,54.6,54.1,54.8,55.3,57.4,58.8,59,59.9,60.4,61.2,62.1,62.6
HRV,Croatia,0,96.7,96.7,96.7,96.7,96.7,96.7,96.7,96.7,96.7,96.7,98.1,98.1,98.1,98.1,98.1,98.1,98.1,98.1,98.1,98.1,99.1,99.1,99.1,99.1,99.1,99.1,99.1,99.1
HTI,Haiti,34.7,34.7,34.7,34.7,34.7,34.7,34.7,34.7,34.7,34.7,34.7,34.7,34.7,58.7,58.7,58.7,48.7,48.7,48.7,48.7,48.7,48.7,48.7,48.7,48.7,48.7,61.7,61.7,61.7
HUN,Hungary,98.9,98.9,98.9,98.9,98.9,98.9,98.9,98.9,98.9,98.9,98.9,98.9,98.9,98.9,98.9,98.9,98.9,98.9,98.9,98.9,98.9,98.9,98.9,98.9,99.1,99.1,99.1,99.1,99.1
IBD,IBRD only,73.7,74.5,75.1,75.6,76,76.6,77.1,80,81.6,82,82.5,82.7,83.1,83.8,84.3,84.4,84.4,85.5,85.8,86.2,86.8,87.2,87.5,87.7,88.1,88.4,88.6,88.8,89.1
IBT,IDA & IBRD total,69.6,70.3,70.9,71.4,71.9,72.4,72.9,75.5,77,77.4,77.6,77.9,78.4,79,79.6,79.6,79.6,80.3,80.8,81.2,81.7,81.9,82.4,82.6,83,83.3,83.7,84,84.2
IDA,IDA total,49.1,49.5,50.4,51.2,52,52.6,53.3,54,55.4,56.1,55.6,56.4,57.1,57.8,59.1,58.8,58.8,58.3,59.4,60.1,60.5,60.7,61.7,62.1,62.9,63.8,65.3,66,66.4
IDB,IDA blend,52.9,53.8,55.3,57,57.7,58.5,59.3,60.1,61.1,61.7,58.7,59.6,60.2,60.9,62,61.4,62.3,61.6,61.7,62.6,63,63.1,64.4,64.3,65.2,65.6,66.2,67.1,67
IDN,Indonesia,81.5,81.5,81.5,81.5,81.5,81.5,81.5,81.5,81.5,81.5,81.5,81.5,81.5,81.5,90.4,90.4,92,92,92.2,92.6,92.6,92.8,92.8,92.8,95.1,95.2,95.4,95.4,95.7
IDX,IDA only,47.2,47.3,47.9,48.3,49.1,49.6,50.2,50.9,52.4,53.3,54,54.7,55.4,56.2,57.6,57.4,56.9,56.6,58.3,58.8,59.2,59.4,60.2,61,61.8,62.9,64.7,65.5,66
IMN,Isle of Man,0,0,0,0,0,0,0,0,0,0,0,0,0,0,0,0,0,0,0,0,0,0,0,0,0,0,0,0,0
IND,India,40.8,48.2,48.2,48.2,48.2,48.2,48.2,48.2,48.2,48.2,48.2,61,61,61,61,61,62.8,62.8,62.8,62.8,62.8,69.3,69.3,69.3,69.3,69.3,69.3,69.3,74.4
INX,Not classified,0,0,0,0,0,0,0,0,0,0,0,0,0,0,0,0,0,0,0,0,0,0,0,0,0,0,0,0,0
IRL,Ireland,0,0,0,0,0,0,0,0,0,0,0,0,0,0,0,0,0,0,0,0,0,0,0,0,0,0,0,0,0
IRN,"Iran, Islamic Rep.",52.3,65.5,65.5,65.5,65.5,65.5,73.1,73.1,73.1,73.1,73.1,73.1,77,77,77,82.4,82.3,82.3,83,83,83,83,83.6,84.6,84.7,84.7,85.5,85.5,85.5
IRQ,Iraq,0,0,0,0,0,0,0,0,0,0,74.1,74.1,74.1,74.1,74.1,74.1,74.1,74.1,74.1,74.1,74.1,74.1,74.1,43.7,43.7,43.7,43.7,43.7,50.1
ISL,Iceland,0,0,0,0,0,0,0,0,0,0,0,0,0,0,0,0,0,0,0,0,0,0,0,0,0,0,0,0,0
ISR,Israel,91.8,91.8,91.8,91.8,91.8,91.8,91.8,91.8,91.8,91.8,91.8,91.8,91.8,91.8,91.8,91.8,91.8,91.8,91.8,91.8,91.8,91.8,91.8,91.8,91.8,91.8,91.8,91.8,91.8
ITA,Italy,96.5,96.5,96.5,96.5,96.5,96.5,96.5,96.5,96.5,96.5,96.5,98.4,98.4,98.4,98.4,98.4,98.4,98.4,98.4,98.4,98.4,98.8,98.8,98.8,98.8,98.8,98.8,98.8,99.2
JAM,Jamaica,0,0,0,0,0,0,0,0,0,79.9,79.9,79.9,79.9,79.9,79.9,79.9,79.9,79.9,79.9,79.9,79.9,79.9,79.9,79.9,88.1,88.1,88.1,88.1,88.1
JOR,Jordan,66.8,66.8,66.8,66.8,66.8,66.8,66.8,66.8,66.8,66.8,66.8,66.8,66.8,89.9,89.9,91.1,91.1,92.2,92.2,92.2,92.6,95.9,97.9,97.9,97.9,97.9,97.9,97.9,98.2
JPN,Japan,0,0,0,0,0,0,0,0,0,0,0,0,0,0,0,0,0,0,0,0,0,0,0,0,0,0,0,0,0
KAZ,Kazakhstan,97.5,97.5,97.5,97.5,97.5,97.5,97.5,97.5,97.5,99.5,99.5,99.5,99.5,99.5,99.5,99.5,99.5,99.5,99.5,99.7,99.8,99.8,99.8,99.8,99.8,99.8,99.8,99.8,99.8
KEN,Kenya,0,0,0,0,0,0,0,0,0,0,82.2,82.2,82.2,82.2,82.2,82.2,82.2,72.2,72.2,72.2,72.2,72.2,72.2,72.2,78.7,78.7,78.7,78.7,81.5
KGZ,Kyrgyz Republic,0,0,0,0,0,0,0,0,0,98.7,98.7,98.7,98.7,98.7,98.7,98.7,98.7,98.7,98.7,99.2,99.2,99.2,99.2,99.2,99.2,99.2,99.2,99.2,99.6
KHM,Cambodia,0,0,0,0,0,0,0,0,67.3,67.3,67.3,67.3,67.3,67.3,73.6,73.6,73.6,73.6,77.6,73.9,73.9,73.9,73.9,73.9,78.1,80.5,80.5,80.5,80.5
KIR,Kiribati,0,0,0,0,0,0,0,0,0,0,0,0,0,0,0,0,0,0,0,0,0,0,0,0,0,0,0,0,0
KNA,St. Kitts and Nevis,0,0,0,0,0,0,0,0,0,0,0,0,0,0,0,0,0,0,0,0,0,0,0,0,0,0,0,0,0
KOR,"Korea, Rep.",0,0,0,0,0,0,0,0,0,0,0,0,0,0,0,0,0,0,0,0,0,0,0,0,0,0,0,0,0
KWT,Kuwait,74.5,74.5,74.5,74.5,74.5,78.4,78.4,78.4,78.4,78.4,78.4,78.4,78.4,78.4,78.4,93.3,93.3,93.7,93.9,93.9,94.5,94.5,95.5,95.6,95.6,95.7,95.7,96,96.1
LAC,Latin America & Caribbean (excluding high income),82.7,83.4,84.1,84.8,85.4,86.1,86.5,86.8,87.3,87.7,88,88.1,88.2,89.1,89,89.6,89.5,90.1,90.4,90.8,90.8,91.4,91.7,91.8,92.3,92.5,93,93.1,93.3
LAO,Lao PDR,0,0,0,0,0,60.3,60.3,60.3,60.3,60.3,69.6,68.7,68.7,68.7,68.7,72.7,72.7,72.7,72.7,72.7,72.7,58.3,58.3,58.3,58.3,84.7,84.7,84.7,84.7
LBN,Lebanon,0,0,0,0,0,0,0,0,0,0,0,0,0,0,0,0,0,89.6,89.6,91.2,91.2,91.2,91.2,91.2,91.2,91.2,91.2,91.2,95.1
LBR,Liberia,32.1,32.1,32.1,32.1,32.1,32.1,32.1,32.1,32.1,32.1,32.1,32.1,32.1,32.1,32.1,32.1,32.1,42.9,42.9,42.9,42.9,42.9,42.9,42.9,42.9,42.9,42.9,48.3,48.3
LBY,Libya,60.2,60.2,60.2,60.2,76.5,76.5,76.5,76.5,76.5,76.5,76.5,76.5,76.5,76.5,86.1,86.1,86.1,86.1,86.1,86.1,86.1,86.1,86.1,86.1,86.1,86.1,86.1,86.1,86.1
LCA,St. Lucia,0,0,0,0,0,0,0,0,0,0,0,0,0,0,0,0,0,0,0,0,0,0,0,0,0,0,0,0,0
LCN,Latin America & Caribbean,84.4,85,85.6,86.2,86.8,87.4,87.7,88,88.5,88.8,89,89.1,89.2,90,90,90.5,90.5,91,91.3,91.7,91.7,92.2,92.5,92.5,92.9,93.1,93.6,93.7,93.9
LDC,Least developed countries: UN classification,45.4,45.6,46.1,46.5,47.4,48.1,48.6,49.4,51,51.8,52.3,53,53.6,54.5,56,55.8,55.1,54.5,56.3,57.2,57.5,57.7,58.6,59.4,60.2,61.4,63.4,64.2,64.8
LIC,Low income,47.9,48.2,48.6,49,49.6,49.9,50.4,51.2,51.8,52.3,52.7,53.4,53.9,54.5,56.3,55.5,55.3,56.4,55.7,56.8,56.9,58.8,60.1,60.2,60.9,61.3,61.9,62.8,63.2
LIE,Liechtenstein,0,0,0,0,0,0,0,0,0,0,0,0,0,0,0,0,0,0,0,0,0,0,0,0,0,0,0,0,0
LKA,Sri Lanka,86.8,86.8,86.8,86.8,86.8,86.8,86.8,86.8,86.8,86.8,86.8,90.7,90.7,90.7,90.7,90.7,90.8,90.8,90.6,90.6,91.2,91.2,91.2,91.2,91.2,91.2,92.4,91.9,91.9
LMC,Lower middle income,57.9,58.4,59.3,60,60.7,61.4,62.1,62.7,65.9,66.5,66.7,67.2,68,68.9,69.6,69.4,69.2,69.8,70.9,71.5,72.8,72.8,73.5,74.1,74.8,75.6,76.3,76.9,77.2
LMY,Low & middle income,69.2,69.9,70.5,71,71.6,72,72.6,75.2,76.7,77.1,77.3,77.7,78.1,78.8,79.4,79.4,79.3,80.1,80.5,80.9,81.4,81.7,82.1,82.4,82.8,83.2,83.5,83.8,84
LSO,Lesotho,0,0,0,0,0,0,0,0,0,0,86.3,86.3,86.3,86.3,86.3,86.3,86.3,86.3,86.3,75.8,75.8,75.8,75.8,75.8,76.6,76.6,76.6,76.6,76.6
LTE,Late-demographic dividend,82,83.1,83.6,84,84.4,84.8,85.3,90.1,90.5,90.8,91.2,91.4,91.7,92.1,92.5,92.9,93.1,94.1,94.3,94.6,94.6,95.1,95.3,95.4,95.5,95.7,95.9,96,96.2
LTU,Lithuania,98.4,98.4,98.4,98.4,98.4,98.4,98.4,98.4,98.4,98.4,98.4,99.6,99.6,99.6,99.6,99.6,99.6,99.6,99.6,99.6,99.6,99.8,99.8,99.8,99.8,99.8,99.8,99.8,99.8
LUX,Luxembourg,0,0,0,0,0,0,0,0,0,0,0,0,0,0,0,0,0,0,0,0,0,0,0,0,0,0,0,0,0
LVA,Latvia,99.5,99.5,99.5,99.5,99.5,99.5,99.5,99.5,99.5,99.5,99.7,99.7,99.7,99.7,99.7,99.7,99.7,99.7,99.7,99.7,99.7,99.9,99.9,99.9,99.9,99.9,99.9,99.9,99.9
MAC,"Macao SAR, China",90.4,90.4,90.4,90.4,90.4,90.4,90.4,90.4,90.4,90.4,90.4,91.3,91.3,91.3,91.3,91.3,93.5,93.5,93.5,93.5,93.5,95.6,95.6,95.6,95.6,95.6,96.5,96.5,96.5
MAF,St. Martin (French part),0,0,0,0,0,0,0,0,0,0,0,0,0,0,0,0,0,0,0,0,0,0,0,0,0,0,0,0,0
MAR,Morocco,30.3,30.3,30.3,30.3,41.6,41.6,41.6,41.6,41.6,41.6,41.6,41.6,41.6,41.6,52.3,52.3,52.3,52.3,55.1,56.1,56.1,67.1,69.4,69.4,69.4,69.4,69.4,69.4,73.8
MCO,Monaco,0,0,0,0,0,0,0,0,0,0,0,0,0,0,0,0,0,0,0,0,0,0,0,0,0,0,0,0,0
MDA,Moldova,96.4,96.4,96.4,96.4,96.4,96.4,96.4,96.4,96.4,96.4,96.7,96.7,96.7,96.7,96.7,96.7,96.7,96.7,96.7,96.7,96.7,96.7,99.1,99.1,99.4,99.4,99.4,99.4,99.4
MDG,Madagascar,0,0,0,0,0,0,0,0,0,0,70.7,70.7,70.7,70.7,70.7,70.7,70.7,70.7,70.7,64.5,64.5,64.5,71.6,71.6,71.6,71.6,71.6,71.6,74.8
MDV,Maldives,96,96,96,96,96,96.3,96.3,96.3,96.3,96.3,96.3,96.3,96.3,96.3,96.3,96.3,98.4,98.4,98.4,98.4,98.4,98.4,98.4,98.4,98.6,98.6,97.7,97.7,97.7
MEA,Middle East & North Africa,57.9,59.2,60.2,61.1,62,63.5,64.9,65.8,67,68.1,69.1,70.2,70.7,73.9,74.9,75.3,74.6,75.1,75.8,75.7,76.5,77.3,77.9,78.2,78.7,79.4,77.9,78.8,79
MEX,Mexico,87.6,87.6,87.6,87.6,87.6,87.6,87.6,87.6,87.6,87.6,90.5,90.5,90.3,90.3,91,91.6,91.7,92.8,92.9,93.4,93.1,93.5,94.2,94,94.6,94.5,94.9,95,95.4
MHL,Marshall Islands,0,0,0,0,0,0,0,0,0,0,0,0,0,0,0,0,0,0,0,0,0,98.3,98.3,98.3,98.3,98.3,98.3,98.3,98.3
MIC,Middle income,70.8,71.5,72.2,72.7,73.3,73.8,74.3,77.1,78.7,79.1,79.3,79.6,80.1,80.8,81.3,81.4,81.4,82.1,82.7,83.1,83.7,83.8,84.2,84.5,84.9,85.3,85.7,85.9,86.1
MKD,North Macedonia,0,0,0,0,94.1,94.1,94.1,94.1,94.1,94.1,94.1,94.1,96.1,96.1,96.1,96.1,96.1,96.1,96.1,96.1,96.1,96.1,96.1,96.1,97.8,97.8,97.8,97.8,97.8
MLI,Mali,9.4,9.4,9.4,9.4,9.4,9.4,9.4,9.4,19,19,19,19,19,24,24,24,26.2,26.2,26.2,26.2,31.1,33.6,33.6,33.6,33.6,33.1,33.1,33.1,35.5
MLT,Malta,86.9,86.9,86.9,86.9,86.9,87.9,87.9,87.9,87.9,87.9,87.9,87.9,87.9,87.9,87.9,92.4,92.4,92.4,92.4,92.4,92.4,93.3,93.3,93.3,93.3,93.3,93.3,93.3,94.5
MMR,Myanmar,78.6,78.6,78.6,78.6,78.6,78.6,78.6,78.6,78.6,78.6,89.9,89.9,89.9,89.9,89.9,89.9,89.9,89.9,89.9,89.9,89.9,89.9,89.9,89.9,89.9,89.9,75.6,75.6,75.6
MNA,Middle East & North Africa (excluding high income),55.6,56.9,58,58.9,60,61.6,63,63.9,65.1,66.2,67.3,68.4,68.7,72.4,73.3,73.7,72.7,73.1,73.7,73.4,74.3,74.5,75.1,75.4,76,76.6,74.8,75.9,76
MNE,Montenegro,89.6,93.5,93.5,93.5,93.5,93.5,93.5,93.5,93.5,93.5,93.5,93.5,93.5,97.8,97.8,97.8,97.8,97.8,97.8,97.8,97.8,98.4,98.4,98.4,98.4,98.4,98.4,98.4,98.8
MNG,Mongolia,0,0,0,0,0,0,0,0,0,0,97.8,97.8,97.8,97.8,97.8,97.8,97.8,97.8,97.8,97.8,98.3,98.3,98.3,98.3,98.3,98.3,98.3,98.3,98.4
MNP,Northern Mariana Islands,0,0,0,0,0,0,0,0,0,0,0,0,0,0,0,0,0,0,0,0,0,0,0,0,0,0,0,0,0
MOZ,Mozambique,27,27,27,27,27,27,27,38.7,38.7,38.7,38.7,38.7,38.7,48.2,48.2,48.2,48.2,48.2,48.2,50.6,50.6,50.6,50.6,50.6,50.6,56,56,60.7,60.7
MRT,Mauritania,0,0,0,0,0,0,0,0,0,0,51.2,51.2,51.2,51.2,51.2,51.2,51.2,45.5,45.5,45.5,45.5,45.5,45.5,45.5,45.5,45.5,45.5,53.5,53.5
MUS,Mauritius,79.9,79.9,79.9,79.9,79.9,79.9,79.9,79.9,79.9,79.9,84.3,84.3,84.3,84.3,84.3,84.3,84.3,84.3,84.3,84.3,84.3,89.2,91.8,91.5,92.5,92.7,93.2,93.2,91.3
MWI,Malawi,48.5,48.5,48.5,48.5,48.5,48.5,48.5,48.5,64.1,64.1,64.1,64.1,64.1,64.1,64.1,64.1,64.1,64.1,64.1,64.1,61.3,61.3,61.3,61.3,65.1,62.1,62.1,62.1,62.1
MYS,Malaysia,69.5,82.9,82.9,82.9,82.9,82.9,82.9,82.9,82.9,82.9,88.7,88.7,88.7,88.7,88.7,88.7,88.7,88.7,88.7,88.7,93.1,93.1,93.1,93.1,93.1,93.1,93.7,93.7,93.7
NAC,North America,0,0,0,0,0,0,0,0,0,0,0,0,0,0,0,0,0,0,0,0,0,0,0,0,0,0,0,0,0
NAM,Namibia,0,0,0,0,0,0,0,0,0,0,0,0,0,0,0,0,0,0,0,0,0,0,0,0,0,0,0,0,0
NCL,New Caledonia,93.1,93.1,93.1,93.1,93.1,93.1,96.1,96.1,96.1,96.1,96.1,96.1,96.1,96.1,96.1,96.1,96.1,96.1,96.1,96.1,96.1,96.1,96.1,96.1,97.8,97.8,97.8,97.8,97.8
NER,Niger,0,0,0,0,0,0,0,0,0,0,0,14.4,14.4,14.4,14.4,28.7,28.7,28.7,28.7,28.7,28.7,28.7,30.6,30.6,30.6,30.6,30.6,30.6,30.6
NGA,Nigeria,0,55.4,55.4,55.4,55.4,55.4,55.4,55.4,55.4,55.4,55.4,55.4,55.4,54.8,54.8,54.8,54.8,54.8,51.1,51.1,51.1,51.1,51.1,51.1,51.1,51.1,51.1,51.1,62
NIC,Nicaragua,0,0,0,0,0,0,0,0,0,0,0,76.7,76.7,76.7,76.7,78,78,78,78,78,78,78,78,78,78,82.6,82.6,82.6,82.6
NLD,Netherlands,0,0,0,0,0,0,0,0,0,0,0,0,0,0,0,0,0,0,0,0,0,0,0,0,0,0,0,0,0
NOR,Norway,0,0,0,0,0,0,0,0,0,0,0,0,0,0,0,0,0,0,0,0,0,0,0,0,0,0,0,0,0
NPL,Nepal,20.6,33,33,33,33,33,33,33,33,33,33,48.6,48.6,48.6,48.6,48.6,48.6,48.6,48.6,48.6,48.6,59.6,59.6,59.6,59.6,59.6,59.6,59.6,67.9
NRU,Nauru,0,0,0,0,0,0,0,0,0,0,0,0,0,0,0,0,0,0,0,0,0,0,0,0,0,0,0,0,0
NZL,New Zealand,0,0,0,0,0,0,0,0,0,0,0,0,0,0,0,0,0,0,0,0,0,0,0,0,0,0,0,0,0
OED,OECD members,0,0,0,0,0,0,0,0,0,0,0,0,0,0,0,0,0,0,0,0,0,0,0,0,0,0,0,0,0
OMN,Oman,0,0,0,0,0,0,0,0,0,0,0,0,0,81.4,81.4,81.4,81.4,81.4,86.6,86.6,86.9,86.9,86.9,86.9,92,93,94.9,95.6,95.7
OSS,Other small states,74.1,74.5,75,75.6,75.8,76.2,76.8,77.4,78.2,78.7,78.8,79.5,80.3,81,81.4,82,81.5,80.7,81.8,81.2,81.7,82.2,82.4,82.6,83.1,84.4,83.9,84.2,84.5
PAK,Pakistan,25.7,25.7,25.7,25.7,25.7,25.7,25.7,25.7,42.7,42.7,42.7,42.7,42.7,42.7,42.7,49.9,54.2,54.2,55.5,54.9,55.4,54.7,56.8,55.6,57,57,57,59.1,59.1
PAN,Panama,88.8,88.8,88.8,88.8,88.8,88.8,88.8,88.8,88.8,88.8,91.9,91.9,91.9,91.9,91.9,91.9,91.9,91.9,91.9,91.9,94.1,94.1,94.1,94.1,94.1,94.1,94.1,94.1,95.4
PER,Peru,81.9,81.9,81.9,87.2,87.2,87.2,87.2,87.2,87.2,87.2,87.2,87.2,87.2,87.2,87.7,87.9,88.7,89.6,89.6,89.6,89.6,89.6,93.8,93.8,93.7,94.2,94.2,94.1,94.4
PHL,Philippines,93.6,93.6,93.6,93.6,93.9,93.9,93.9,93.9,93.9,93.9,92.6,92.6,92.6,92.6,92.6,92.6,92.6,92.6,95.4,95.4,95.4,95.4,95.4,96.4,96.4,98.2,98.2,98.2,98.2
PLW,Palau,91.9,91.9,91.9,91.9,91.9,91.9,91.9,91.9,91.9,91.9,91.9,91.9,91.9,91.9,91.9,91.9,91.9,91.9,91.9,91.9,91.9,91.9,91.9,99.5,99.5,96.6,96.6,96.6,96.6
PNG,Papua New Guinea,0,0,0,0,0,0,0,0,0,0,57.3,57.3,57.3,57.3,57.3,57.3,57.3,57.3,57.3,57.3,61.6,61.6,61.6,61.6,61.6,61.6,61.6,61.6,61.6
POL,Poland,98.7,98.7,98.7,98.7,98.7,98.7,98.7,98.7,98.7,98.7,98.7,98.7,98.7,98.7,98.7,98.7,98.7,98.7,98.7,98.7,98.7,98.7,98.7,98.7,98.7,98.7,98.7,98.7,98.7
PRE,Pre-demographic dividend,51.7,52.2,52.5,53.1,53.6,54,54.7,55.7,56.4,57.3,55.6,56.6,57.2,57.6,58.9,58.4,56.8,56.2,55.5,55.3,55.6,57.4,58.8,58.8,59.7,60.3,61,61.9,62.6
PRI,Puerto Rico,89.6,89.6,89.6,89.6,89.6,89.6,89.6,89.6,89.6,89.6,89.6,89.6,89.6,89.6,89.6,89.6,89.6,89.6,89.6,89.6,92,92,92,92,92,92,92,92.4,92.4
PRK,"Korea, Dem. People’s Rep.",0,0,0,0,0,0,0,0,0,0,0,0,0,0,0,0,0,0,100,100,100,100,100,100,100,100,100,100,100
PRT,Portugal,79.4,87.9,87.9,87.9,87.9,87.9,87.9,87.9,87.9,87.9,87.9,87.9,87.9,87.9,87.9,87.9,87.9,87.9,87.9,87.9,87.9,94.5,94.5,94.5,94.5,94.5,94.5,94.5,96.1
PRY,Paraguay,78.5,78.5,90.3,90.3,90.3,90.3,90.3,90.3,90.3,90.3,90.3,90.3,90.3,90.3,90.3,90.3,90.3,94.6,93.3,93.8,93.9,93.9,94.2,95.1,95,95.6,94.7,94.7,94
PSE,West Bank and Gaza,0,0,0,0,0,0,0,86.1,86.1,86.1,86.1,86.1,86.1,86.1,92.3,92.3,93.5,93.9,92.5,94.6,94.9,95.3,95.9,96.3,96.4,96.7,96.9,96.9,97.2
PSS,Pacific island small states,0,0,0,0,0,88.1,88.1,88.3,88.5,88.7,88.9,89.1,89.1,89.1,89.1,89.1,89.1,89.1,89.1,89.1,89.1,89.1,89.1,89.1,89.1,89.1,91,91,91
PST,Post-demographic dividend,0,0,0,0,0,0,0,0,0,0,0,0,0,0,0,0,0,0,0,0,0,0,0,0,0,0,0,0,0
PYF,French Polynesia,0,0,0,0,0,0,0,0,0,0,0,0,0,0,0,0,0,0,0,0,0,0,0,0,0,0,0,0,0
QAT,Qatar,75.6,75.6,75.6,75.6,75.6,75.6,75.6,83.3,83.3,83.3,83.3,83.3,83.3,83.3,89,89,89,93.1,94,94.7,94.7,94.7,94.7,90.6,91.3,91.3,93.1,93.5,93.5
ROU,Romania,0,0,96.7,96.7,96.7,96.7,96.7,96.7,96.7,96.7,96.7,96.7,97.3,97.3,97.3,97.3,97.3,97.3,97.3,97.3,97.3,98.6,98.6,98.6,98.6,98.6,98.6,98.6,98.8
RUS,Russian Federation,98,98,98,98,98,98,98,98,98,98,98,98,99.4,99.4,99.4,99.4,99.4,99.4,99.4,99.4,99.7,99.7,99.7,99.7,99.7,99.7,99.7,99.7,99.7
RWA,Rwanda,38.2,57.9,57.9,57.9,57.9,57.9,57.9,57.9,57.9,57.9,64.9,64.9,64.9,64.9,64.9,64.9,64.9,64.9,64.9,64.9,65.9,65.9,68.3,68.3,70.8,70.8,70.8,70.8,73.2
SAS,South Asia,45.5,45.9,47.1,48.1,48.9,49.7,50.5,51.3,56.2,56.9,57.7,58.1,59.2,60.1,60.9,60.6,60.8,62,63.6,64.3,66,66.5,67.3,68,68.7,69.7,71,71.7,72.3
SAU,Saudi Arabia,0,0,70.8,70.8,70.8,70.8,70.8,70.8,70.8,70.8,79.4,79.4,79.4,79.4,82.9,82.9,82.9,82.9,82.9,82.9,82.9,82.9,82.9,94.4,94.4,94.4,94.4,95.3,95.3
SDN,Sudan,0,0,0,0,0,0,0,0,0,0,61.3,61.3,61.3,61.3,61.3,61.3,61.3,61.3,53.5,53.5,53.5,53.5,53.5,53.5,53.5,53.5,53.5,53.5,60.7
SEN,Senegal,26.9,26.9,26.9,26.9,26.9,26.9,26.9,26.9,26.9,26.9,26.9,26.9,39.3,39.3,39.3,39.3,41.9,41.9,41.9,49.7,49.7,52.1,52.1,42.8,42.8,42.8,42.8,51.9,51.9
SGP,Singapore,89.1,89.1,89.1,89.1,89.1,89.1,89.1,89.1,89.1,89.1,92.5,92.5,92.5,92.5,92.5,92.5,92.5,92.5,92.5,92.5,95.9,96.2,96.4,96.5,96.7,96.8,97,97.2,97.3
SLB,Solomon Islands,0,0,0,0,0,0,0,0,0,76.6,76.6,76.6,76.6,76.6,76.6,76.6,76.6,76.6,76.6,76.6,76.6,76.6,76.6,76.6,76.6,76.6,76.6,76.6,76.6
SLE,Sierra Leone,0,0,0,0,0,0,0,0,0,0,0,0,0,0,34.8,34.8,34.8,34.8,34.8,34.8,34.8,34.8,34.8,32.4,32.4,32.4,32.4,32.4,43.2
SLV,El Salvador,0,0,74.1,74.1,74.1,74.1,74.1,74.1,74.1,74.1,74.1,74.1,74.1,74.1,74.1,74.1,83.6,82,84,84.1,84.5,85.5,85.5,86.8,86.8,88,88.1,88.5,88.5
SMR,San Marino,0,0,0,0,0,0,0,0,0,0,0,0,0,0,0,0,0,0,0,0,0,0,0,0,0,0,0,0,99.9
SOM,Somalia,5.4,5.4,5.4,5.4,5.4,5.4,5.4,5.4,5.4,5.4,5.4,5.4,5.4,5.4,5.4,5.4,5.4,5.4,5.4,5.4,5.4,5.4,5.4,5.4,5.4,5.4,5.4,5.4,5.4
SRB,Serbia,0,0,0,0,0,0,0,0,0,0,0,0,0,0,0,0,0,0,0,0,0,98,98,98,98,98,98.8,98.8,98.3
SSA,Sub-Saharan Africa (excluding high income),52.5,52.9,53.4,53.9,54.7,55,55.7,56.5,57.2,58,56.7,57.7,58.2,58.6,60.5,59.5,58.4,58.5,58.1,59.2,59.6,61.2,62.5,62.8,63.5,64.1,64.8,65,65.6
SSD,South Sudan,0,0,0,0,0,0,0,0,0,0,0,0,0,0,0,0,0,0,26.8,26.8,26.8,26.8,26.8,26.8,26.8,26.8,26.8,26.8,34.5
SSF,Sub-Saharan Africa,52.5,52.9,53.4,54,54.7,55,55.7,56.5,57.2,58,56.7,57.7,58.2,58.6,60.5,59.5,58.4,58.5,58.1,59.3,59.6,61.2,62.5,62.8,63.5,64.1,64.8,65.1,65.6
SST,Small states,78,78.3,78.6,79,79.1,79.5,80,80.4,81,81.3,81.6,82.1,82.8,83.3,83.7,84.1,83.8,83.3,84.1,83.7,84.1,84.5,84.6,84.8,85.1,86.1,85.8,85.9,86.2
STP,Sao Tome and Principe,57.3,73.2,73.2,73.2,73.2,73.2,73.2,73.2,73.2,73.2,73.2,84.9,84.9,84.9,84.9,84.9,84.9,84.9,69.5,69.5,69.5,69.5,90.1,90.1,90.1,90.1,90.1,90.1,92.8
SUR,Suriname,0,0,0,0,0,0,0,0,0,0,0,0,0,0,89.6,89.6,89.6,89.6,94.6,94.6,94.7,94.7,92.9,92.9,92.9,92.9,92.9,92.9,94.4
SVK,Slovak Republic,0,0,0,0,0,0,0,0,0,0,0,0,0,0,0,0,0,0,0,0,0,0,0,0,0,0,0,0,0
SVN,Slovenia,0,99.5,99.5,99.5,99.5,99.5,99.5,99.5,99.5,99.5,99.5,99.5,99.5,99.5,99.7,99.7,99.7,99.7,99.7,99.7,99.7,99.7,99.7,99.7,99.7,99.7,99.7,99.7,99.7
SWE,Sweden,0,0,0,0,0,0,0,0,0,0,0,0,0,0,0,0,0,0,0,0,0,0,0,0,0,0,0,0,0
SWZ,Eswatini,67.2,67.2,67.2,67.2,67.2,67.2,67.2,67.2,67.2,67.2,81.7,81.7,81.7,81.7,81.7,81.7,81.7,81.7,81.7,81.7,83.1,83.1,83.1,83.1,83.1,83.1,83.1,83.1,88.4
SXM,Sint Maarten (Dutch part),0,0,0,0,0,0,0,0,0,0,0,0,0,0,0,0,0,0,0,0,0,0,0,0,0,0,0,0,0
SYC,Seychelles,84.2,84.2,84.2,84.2,87.8,87.8,87.8,87.8,87.8,87.8,87.8,87.8,91.8,91.8,91.8,91.8,91.8,91.8,91.8,91.8,94,94,94,94,94,94,94,94,95.9
SYR,Syrian Arab Republic,55.7,55.7,55.7,55.7,55.7,55.7,55.7,55.7,55.7,55.7,55.7,55.7,82.9,82.9,80.8,80.8,80.8,80.8,80.8,80.8,80.8,80.8,80.8,80.8,80.8,80.8,80.8,80.8,80.8
TCA,Turks and Caicos Islands,0,0,0,0,0,0,0,0,0,0,0,0,0,0,0,0,0,0,0,0,0,0,0,0,0,0,0,0,0
TCD,Chad,0,0,0,10.9,10.9,10.9,10.9,10.9,10.9,10.9,25.7,25.7,25.7,25.7,28.4,28.4,28.4,28.4,28.4,28.4,28.4,28.4,28.4,28.4,28.4,26,22.3,22.3,22.3
TEA,East Asia & Pacific (IDA & IBRD countries),79.5,80.8,81.3,81.8,82.4,82.9,83.5,89.2,89.6,89.9,90.4,90.7,91.1,91.4,92,92.4,92.8,93.9,94.1,94.4,94.5,94.4,94.6,94.7,95.1,95.4,95.5,95.7,95.8
TEC,Europe & Central Asia (IDA & IBRD countries),95.9,95.9,96,96.1,96.2,96.3,96.5,96.6,96.9,97,97.1,97.1,97.2,97.3,97.4,97.6,97.6,97.7,97.7,98.2,98.4,98.7,98.8,98.8,98.8,98.9,99,98.9,99
TGO,Togo,0,0,0,0,0,0,0,0,0,0,53.2,53.2,53.2,53.2,53.2,53.2,56.9,56.9,56.9,57.1,57.1,60.4,60.4,60.4,60.4,63.7,63.7,63.7,63.7
THA,Thailand,88,88,88,88,88,88,88,88,88,88,92.6,92.6,92.6,92.6,92.6,93.5,93.5,93.5,93.5,93.5,96.4,96.4,96.4,93.7,93.7,92.9,92.9,92.9,92.9
TJK,Tajikistan,97.7,97.7,97.7,97.7,97.7,97.7,97.7,97.7,97.7,97.7,99.5,99.5,99.5,99.5,99.5,99.5,99.5,99.5,99.5,99.5,99.5,99.5,99.5,99.5,99.8,99.8,99.8,99.8,99.8
TKM,Turkmenistan,0,0,0,0,0,98.8,98.8,98.8,98.8,98.8,98.8,98.8,98.8,98.8,98.8,98.8,98.8,98.8,98.8,98.8,98.8,98.8,98.8,98.8,99.7,99.7,99.7,99.7,99.7
TLA,Latin America & the Caribbean (IDA & IBRD countries),83.9,84.5,85.1,85.8,86.4,87,87.4,87.7,88.2,88.5,88.7,88.8,89,89.8,89.7,90.2,90.2,90.8,91.1,91.5,91.5,92.1,92.3,92.3,92.8,93,93.5,93.6,93.8
TLS,Timor-Leste,0,0,0,0,0,0,0,0,0,0,0,37.6,37.6,37.6,37.6,37.6,37.6,50.6,50.6,50.6,58.3,58.3,58.3,58.3,58.3,58.3,58.3,58.3,68.1
TMN,Middle East & North Africa (IDA & IBRD countries),55.4,56.7,57.8,58.7,59.7,61.4,62.8,63.7,64.9,66,67.1,68.2,68.5,72.2,73.1,73.5,72.5,72.9,73.5,73.2,74.1,74.3,74.9,75.2,75.7,76.4,74.6,75.6,75.7
TON,Tonga,99.6,99.6,99.6,99.6,99.6,99.6,98.9,98.9,98.9,98.9,98.9,98.9,98.9,98.9,98.9,98.9,99,99,99,99,99,99.4,99.4,99.4,99.4,99.4,99.4,99.4,99.4
TSA,South Asia (IDA & IBRD),45.5,45.9,47.1,48.1,48.9,49.7,50.5,51.3,56.2,56.9,57.7,58.1,59.2,60.1,60.9,60.6,60.8,62,63.6,64.3,66,66.5,67.3,68,68.7,69.7,71,71.7,72.3
TSS,Sub-Saharan Africa (IDA & IBRD countries),52.5,52.9,53.4,54,54.7,55,55.7,56.5,57.2,58,56.7,57.7,58.2,58.6,60.5,59.5,58.4,58.5,58.1,59.3,59.6,61.2,62.5,62.8,63.5,64.1,64.8,65.1,65.6
TTO,Trinidad and Tobago,96.9,96.9,96.9,96.9,96.9,96.9,96.9,96.9,96.9,96.9,97.9,97.9,97.9,97.9,97.9,97.9,97.9,97.9,97.9,97.9,98.7,98.7,98.7,98.7,98.7,98.7,98.7,98.7,98.7
TUN,Tunisia,48.2,48.2,48.2,48.2,48.2,48.2,48.2,48.2,48.2,48.2,48.2,48.2,48.2,48.2,74.3,74.3,74.3,77.2,77.6,77.6,79.1,79.7,80.2,80.2,79,79,79,79,79
TUR,Turkey,79.2,79.2,79.2,79.2,79.2,79.2,79.2,79.2,79.2,79.2,79.2,79.2,79.2,79.2,87.4,88.2,88.1,88.7,88.7,90.8,92.7,94.1,94.9,95.3,95.4,95.6,96.2,96.2,96.2
TUV,Tuvalu,0,0,0,0,0,0,0,0,0,0,0,0,0,0,0,0,0,0,0,0,0,0,0,0,0,0,0,0,0
TZA,Tanzania,59.1,59.1,59.1,59.1,59.1,59.1,59.1,59.1,59.1,59.1,59.1,59.1,69.4,69.4,69.4,69.4,69.4,69.4,69.4,69.4,67.8,67.8,78.1,78.1,78.1,77.9,77.9,77.9,77.9
UGA,Uganda,0,56.1,56.1,56.1,56.1,56.1,56.1,56.1,56.1,56.1,56.1,56.1,68.1,68.1,68.1,68.1,71.4,71.4,71.4,71.4,73.2,73.2,70.2,70.2,70.2,70.2,70.2,70.2,76.5
UKR,Ukraine,0,0,0,0,0,0,0,0,0,0,0,99.4,99.4,99.4,99.4,99.4,99.4,99.4,99.4,99.4,99.4,99.4,100,100,100,100,100,100,100
UMC,Upper middle income,81.2,82.2,82.7,83.2,83.7,84.2,84.7,89.3,89.7,90,90.4,90.6,90.9,91.4,91.9,92.2,92.4,93.3,93.6,93.8,93.9,94.2,94.4,94.4,94.7,94.8,95,95,95.2
URY,Uruguay,95.4,95.4,95.4,95.4,95.4,95.4,96.8,96.8,96.8,96.8,96.8,96.8,96.8,96.8,96.8,96.8,97.8,97.9,98.2,98.3,98.1,98.3,98.4,98.4,98.4,98.5,98.6,98.6,98.7
USA,United States,0,0,0,0,0,0,0,0,0,0,0,0,0,0,0,0,0,0,0,0,0,0,0,0,0,0,0,0,0
UZB,Uzbekistan,0,0,0,0,0,0,0,0,0,0,98.6,98.6,98.6,98.6,98.6,98.6,98.6,98.6,98.6,98.6,98.6,98.6,98.6,100,100,100,100,100,100
VCT,St. Vincent and the Grenadines,95.6,95.6,95.6,95.6,95.6,95.6,95.6,95.6,95.6,95.6,95.6,95.6,95.6,95.6,95.6,95.6,95.6,95.6,95.6,95.6,95.6,95.6,95.6,95.6,95.6,95.6,95.6,95.6,95.6
VEN,"Venezuela, RB",89.8,89.8,89.8,89.8,89.8,89.8,89.8,89.8,89.8,89.8,89.8,93,93,93,93,93,93,95.2,95.2,95.5,95.5,94.8,94.8,94.8,94.8,96.6,97.1,97.1,97.1
VGB,British Virgin Islands,0,0,0,0,0,0,0,0,0,0,0,0,0,0,0,0,0,0,0,0,0,0,0,0,0,0,0,0,0
VIR,Virgin Islands (U.S.),0,0,0,0,0,0,0,0,0,0,0,0,0,0,0,0,0,0,0,0,0,0,0,0,0,0,0,0,0
VNM,Vietnam,87.6,87.6,87.6,87.6,87.6,87.6,87.6,87.6,87.6,90.3,90.2,90.2,90.2,90.2,90.2,90.2,90.2,90.2,90.2,93.5,93.5,93.5,93.5,93.5,93.5,93.5,93.5,93.5,95
VUT,Vanuatu,58.2,58.2,58.2,58.2,68.7,68.7,68.7,68.7,68.7,74,74,74,74,74,78.4,78.4,78.4,78.4,78.4,78.4,78.4,78.4,78.4,78.4,84.7,84.7,84.7,84.7,87.5
WLD,World,74.4,74.9,75.3,75.7,76.1,76.5,77,79,80.2,80.6,80.8,81,81.4,81.9,82.5,82.4,82.4,83,83.4,83.7,84.1,84.4,84.7,84.9,85.3,85.6,85.9,86.1,86.3
WSM,Samoa,0,97.9,97.9,97.9,97.9,97.9,97.9,97.9,97.9,97.9,97.9,97.9,97.9,97.9,97.9,97.9,97.9,97.9,97.9,97.9,97.9,99,99,99,99,99,99,99,99.1
XKX,Kosovo,0,0,0,0,0,0,0,0,0,0,0,0,0,0,0,0,0,0,0,0,0,0,0,0,0,0,0,0,0
YEM,"Yemen, Rep.",0,0,0,0,37.1,37.1,37.1,37.1,37.1,37.1,37.1,37.1,37.1,37.1,54.1,54.1,54.1,54.1,54.1,54.1,54.1,54.1,54.1,54.1,54.1,54.1,54.1,54.1,54.1
ZAF,South Africa,76.2,76.2,76.2,76.2,76.2,76.2,82.4,82.4,82.4,82.4,82.4,82.4,82.4,82.4,82.4,82.4,82.4,88.7,88.7,92.9,92.9,93.1,93.7,93.7,94.1,94.4,94.4,87,87
ZMB,Zambia,65,65,65,65,65,65,65,65,65,68,68,68,69.1,69.1,69.1,69.1,69.1,61.4,61.4,61.4,83,83,83,83,83,83,83,83,86.7
ZWE,Zimbabwe,77.8,77.8,83.5,83.5,83.5,83.5,83.5,83.5,83.5,83.5,83.5,83.5,83.5,83.5,83.5,83.5,83.5,83.5,83.5,83.5,83.5,83.6,83.6,83.6,88.7,88.7,88.7,88.7,88.7